
delete from favorites;
delete from orders;
delete from products;
delete from stores;
delete from tags;
delete from users;

-- STORES
insert into stores (id, address, coords, geom, name) values ('68dcd82f-b01b-458b-b7f4-f09b9810f61f','Αγίας Λαύρας, Αιγάλεω', '(23.6757995, 37.9939679)', ST_geomFromText('POINT(23.6757995 37.9939679)'), 'ALEA IN STYLE');
insert into stores (id, address, coords, geom, name) values ('708f34a7-f58c-4618-82c1-7b60cc10763d', '8ivwn 20', '(23.6788133, 37.9939552)', ST_geomFromText('POINT(23.6788133 37.9939552)'), 'CapCap Αιγάλεω');
insert into stores (id, address, coords, geom, name) values ('20eb21fd-57fb-4491-99f1-9052f8bf6d69','Αγίας Λαύρας, Αιγάλεω', '(23.6753152, 37.9922599)', ST_geomFromText('POINT(23.6753152 37.9922599)'), 'Ρακί Αμάν ΜΗ Γωνια Της Γευσης');

-- TAGS
insert into tags (tag_name) values ('coffee');
insert into tags (tag_name) values ('juice');
insert into tags (tag_name) values ('food');

-- PRODUCTS

insert into products (tags, product_name, price, store_id) values ('{coffee, juice}','Thyme - Fresh', 1, '68dcd82f-b01b-458b-b7f4-f09b9810f61f');
insert into products (tags, product_name, price, store_id) values ('{food}','Sugar - White Packet', 8, '68dcd82f-b01b-458b-b7f4-f09b9810f61f');
insert into products (tags, product_name, price, store_id) values ('{food, juice}','Juice - Clam, 46 Oz', 10, '68dcd82f-b01b-458b-b7f4-f09b9810f61f');
insert into products (tags, product_name, price, store_id) values ('{food, coffee}','Sponge Cake Mix - Vanilla', 1, '68dcd82f-b01b-458b-b7f4-f09b9810f61f');
insert into products (tags, product_name, price, store_id) values ('{}','Wine - Chablis J Moreau Et Fils', 4, '68dcd82f-b01b-458b-b7f4-f09b9810f61f');
insert into products (tags, product_name, price, store_id) values ('{}','Wine - Red, Mosaic Zweigelt', 3, '68dcd82f-b01b-458b-b7f4-f09b9810f61f');
insert into products (tags, product_name, price, store_id) values ('{}','Hot Choc Vending', 3, '68dcd82f-b01b-458b-b7f4-f09b9810f61f');
insert into products (tags, product_name, price, store_id) values ('{}','Propel Sport Drink', 20, '68dcd82f-b01b-458b-b7f4-f09b9810f61f');
insert into products (tags, product_name, price, store_id) values ('{}','Filling - Mince Meat', 4, '68dcd82f-b01b-458b-b7f4-f09b9810f61f');
insert into products (tags, product_name, price, store_id) values ('{}','Lid Tray - 12in Dome', 1, '68dcd82f-b01b-458b-b7f4-f09b9810f61f');
insert into products (tags, product_name, price, store_id) values ('{}','Bread - French Baquette', 4, '68dcd82f-b01b-458b-b7f4-f09b9810f61f');
insert into products (tags, product_name, price, store_id) values ('{}','Figs', 4, '68dcd82f-b01b-458b-b7f4-f09b9810f61f');
insert into products (tags, product_name, price, store_id) values ('{}','Cake - Dulce De Leche', 9, '68dcd82f-b01b-458b-b7f4-f09b9810f61f');
insert into products (tags, product_name, price, store_id) values ('{}','Glaze - Apricot', 18, '68dcd82f-b01b-458b-b7f4-f09b9810f61f');
insert into products (tags, product_name, price, store_id) values ('{}','Oil - Grapeseed Oil', 3, '68dcd82f-b01b-458b-b7f4-f09b9810f61f');
insert into products (tags, product_name, price, store_id) values ('{}','Flower - Carnations', 0.5, '68dcd82f-b01b-458b-b7f4-f09b9810f61f');
insert into products (tags, product_name, price, store_id) values ('{}','Vinegar - Cider', 4, '68dcd82f-b01b-458b-b7f4-f09b9810f61f');
insert into products (tags, product_name, price, store_id) values ('{}','Cod - Fillets', 9, '68dcd82f-b01b-458b-b7f4-f09b9810f61f');
insert into products (tags, product_name, price, store_id) values ('{}','Chicken - Thigh, Bone In', 7, '68dcd82f-b01b-458b-b7f4-f09b9810f61f');
insert into products (tags, product_name, price, store_id) values ('{}','Beer - Maudite', 12, '68dcd82f-b01b-458b-b7f4-f09b9810f61f');
insert into products (tags, product_name, price, store_id) values ('{}','Cloves - Whole', 17, '68dcd82f-b01b-458b-b7f4-f09b9810f61f');
insert into products (tags, product_name, price, store_id) values ('{}','Wine - Magnotta, White', 11, '68dcd82f-b01b-458b-b7f4-f09b9810f61f');
insert into products (tags, product_name, price, store_id) values ('{}','Pork - Backs - Boneless', 10, '68dcd82f-b01b-458b-b7f4-f09b9810f61f');
insert into products (tags, product_name, price, store_id) values ('{}','Beef - Top Sirloin', 7, '68dcd82f-b01b-458b-b7f4-f09b9810f61f');
insert into products (tags, product_name, price, store_id) values ('{}','Olives - Green, Pitted', 11, '68dcd82f-b01b-458b-b7f4-f09b9810f61f');
insert into products (tags, product_name, price, store_id) values ('{}','Lobster - Live', 2, '68dcd82f-b01b-458b-b7f4-f09b9810f61f');
insert into products (tags, product_name, price, store_id) values ('{}','Club Soda - Schweppes, 355 Ml', 11, '68dcd82f-b01b-458b-b7f4-f09b9810f61f');
insert into products (tags, product_name, price, store_id) values ('{}','Rappini - Andy Boy', 8, '68dcd82f-b01b-458b-b7f4-f09b9810f61f');
insert into products (tags, product_name, price, store_id) values ('{}','Ginger - Fresh', 6, '68dcd82f-b01b-458b-b7f4-f09b9810f61f');
insert into products (tags, product_name, price, store_id) values ('{}','Pork - Smoked Back Bacon', 5, '68dcd82f-b01b-458b-b7f4-f09b9810f61f');
insert into products (tags, product_name, price, store_id) values ('{}','Lemons', 17, '68dcd82f-b01b-458b-b7f4-f09b9810f61f');
insert into products (tags, product_name, price, store_id) values ('{}','Tart Shells - Sweet, 3', 16, '68dcd82f-b01b-458b-b7f4-f09b9810f61f');
insert into products (tags, product_name, price, store_id) values ('{}','Cheese - Mozzarella, Shredded', 6, '68dcd82f-b01b-458b-b7f4-f09b9810f61f');
insert into products (tags, product_name, price, store_id) values ('{}','Cookie Dough - Chocolate Chip', 11, '68dcd82f-b01b-458b-b7f4-f09b9810f61f');
insert into products (tags, product_name, price, store_id) values ('{}','Liners - Banana, Paper', 11, '68dcd82f-b01b-458b-b7f4-f09b9810f61f');
insert into products (tags, product_name, price, store_id) values ('{}','Salami - Genova', 10, '68dcd82f-b01b-458b-b7f4-f09b9810f61f');
insert into products (tags, product_name, price, store_id) values ('{}','Yogurt - Strawberry, 175 Gr', 18, '68dcd82f-b01b-458b-b7f4-f09b9810f61f');
insert into products (tags, product_name, price, store_id) values ('{}','Cabbage Roll', 12, '68dcd82f-b01b-458b-b7f4-f09b9810f61f');
insert into products (tags, product_name, price, store_id) values ('{}','Table Cloth 54x72 Colour', 2, '68dcd82f-b01b-458b-b7f4-f09b9810f61f');
insert into products (tags, product_name, price, store_id) values ('{}','Soup - French Can Pea', 10, '68dcd82f-b01b-458b-b7f4-f09b9810f61f');
insert into products (tags, product_name, price, store_id) values ('{}','Cauliflower', 15, '68dcd82f-b01b-458b-b7f4-f09b9810f61f');
insert into products (tags, product_name, price, store_id) values ('{}','Soup - Campbells Beef Stew', 8, '68dcd82f-b01b-458b-b7f4-f09b9810f61f');
insert into products (tags, product_name, price, store_id) values ('{}','Rosemary - Fresh', 2, '68dcd82f-b01b-458b-b7f4-f09b9810f61f');
insert into products (tags, product_name, price, store_id) values ('{}','Quail - Whole, Boneless', 14, '68dcd82f-b01b-458b-b7f4-f09b9810f61f');
insert into products (tags, product_name, price, store_id) values ('{}','Oil - Peanut', 12, '68dcd82f-b01b-458b-b7f4-f09b9810f61f');
insert into products (tags, product_name, price, store_id) values ('{}','Pepper - White, Whole', 0.5, '68dcd82f-b01b-458b-b7f4-f09b9810f61f');
insert into products (tags, product_name, price, store_id) values ('{}','Heavy Duty Dust Pan', 0.5, '68dcd82f-b01b-458b-b7f4-f09b9810f61f');
insert into products (tags, product_name, price, store_id) values ('{}','Island Oasis - Lemonade', 0.5, '68dcd82f-b01b-458b-b7f4-f09b9810f61f');
insert into products (tags, product_name, price, store_id) values ('{}','Flounder - Fresh', 11, '68dcd82f-b01b-458b-b7f4-f09b9810f61f');
insert into products (tags, product_name, price, store_id) values ('{}','Lettuce - Frisee', 3, '68dcd82f-b01b-458b-b7f4-f09b9810f61f');
insert into products (tags, product_name, price, store_id) values ('{}','Corn - On The Cob', 10, '68dcd82f-b01b-458b-b7f4-f09b9810f61f');
insert into products (tags, product_name, price, store_id) values ('{}','Oil - Pumpkinseed', 20, '68dcd82f-b01b-458b-b7f4-f09b9810f61f');
insert into products (tags, product_name, price, store_id) values ('{}','Beer - Alexander Kieths, Pale Ale', 16, '68dcd82f-b01b-458b-b7f4-f09b9810f61f');
insert into products (tags, product_name, price, store_id) values ('{}','Island Oasis - Banana Daiquiri', 2, '68dcd82f-b01b-458b-b7f4-f09b9810f61f');
insert into products (tags, product_name, price, store_id) values ('{}','Sponge Cake Mix - Chocolate', 18, '68dcd82f-b01b-458b-b7f4-f09b9810f61f');
insert into products (tags, product_name, price, store_id) values ('{}','Extract - Lemon', 1, '68dcd82f-b01b-458b-b7f4-f09b9810f61f');
insert into products (tags, product_name, price, store_id) values ('{}','Ice Cream Bar - Drumstick', 15, '68dcd82f-b01b-458b-b7f4-f09b9810f61f');
insert into products (tags, product_name, price, store_id) values ('{}','Oil - Canola', 2, '68dcd82f-b01b-458b-b7f4-f09b9810f61f');
insert into products (tags, product_name, price, store_id) values ('{}','Red Snapper - Fillet, Skin On', 4, '68dcd82f-b01b-458b-b7f4-f09b9810f61f');
insert into products (tags, product_name, price, store_id) values ('{}','Seaweed Green Sheets', 4, '68dcd82f-b01b-458b-b7f4-f09b9810f61f');
insert into products (tags, product_name, price, store_id) values ('{}','Beer - Labatt Blue', 10, '68dcd82f-b01b-458b-b7f4-f09b9810f61f');
insert into products (tags, product_name, price, store_id) values ('{}','Flower - Daisies', 2, '68dcd82f-b01b-458b-b7f4-f09b9810f61f');
insert into products (tags, product_name, price, store_id) values ('{}','Table Cloth 54x54 White', 19, '68dcd82f-b01b-458b-b7f4-f09b9810f61f');
insert into products (tags, product_name, price, store_id) values ('{}','Sauce - Ranch Dressing', 1, '68dcd82f-b01b-458b-b7f4-f09b9810f61f');
insert into products (tags, product_name, price, store_id) values ('{}','Pastry - Baked Scones - Mini', 16, '68dcd82f-b01b-458b-b7f4-f09b9810f61f');
insert into products (tags, product_name, price, store_id) values ('{}','Pate - Peppercorn', 1, '68dcd82f-b01b-458b-b7f4-f09b9810f61f');
insert into products (tags, product_name, price, store_id) values ('{}','Sardines', 2, '68dcd82f-b01b-458b-b7f4-f09b9810f61f');
insert into products (tags, product_name, price, store_id) values ('{}','Country Roll', 17, '68dcd82f-b01b-458b-b7f4-f09b9810f61f');
insert into products (tags, product_name, price, store_id) values ('{}','Roe - Flying Fish', 9, '68dcd82f-b01b-458b-b7f4-f09b9810f61f');
insert into products (tags, product_name, price, store_id) values ('{}','Beans - Green', 3, '68dcd82f-b01b-458b-b7f4-f09b9810f61f');
insert into products (tags, product_name, price, store_id) values ('{}','Ham - Cooked Italian', 1, '68dcd82f-b01b-458b-b7f4-f09b9810f61f');
insert into products (tags, product_name, price, store_id) values ('{}','Beef - Short Loin', 20, '68dcd82f-b01b-458b-b7f4-f09b9810f61f');
insert into products (tags, product_name, price, store_id) values ('{}','Wine - Crozes Hermitage E.', 19, '68dcd82f-b01b-458b-b7f4-f09b9810f61f');
insert into products (tags, product_name, price, store_id) values ('{}','Wine - Remy Pannier Rose', 0.5, '68dcd82f-b01b-458b-b7f4-f09b9810f61f');
insert into products (tags, product_name, price, store_id) values ('{}','Canada Dry', 4, '68dcd82f-b01b-458b-b7f4-f09b9810f61f');
insert into products (tags, product_name, price, store_id) values ('{}','Pastrami', 13, '68dcd82f-b01b-458b-b7f4-f09b9810f61f');
insert into products (tags, product_name, price, store_id) values ('{}','Liners - Baking Cups', 5, '68dcd82f-b01b-458b-b7f4-f09b9810f61f');
insert into products (tags, product_name, price, store_id) values ('{}','Tuna - Bluefin', 13, '68dcd82f-b01b-458b-b7f4-f09b9810f61f');
insert into products (tags, product_name, price, store_id) values ('{}','Pastry - Apple Large', 5, '68dcd82f-b01b-458b-b7f4-f09b9810f61f');
insert into products (tags, product_name, price, store_id) values ('{}','V8 - Berry Blend', 15, '68dcd82f-b01b-458b-b7f4-f09b9810f61f');
insert into products (tags, product_name, price, store_id) values ('{}','Lychee', 12, '68dcd82f-b01b-458b-b7f4-f09b9810f61f');
insert into products (tags, product_name, price, store_id) values ('{}','Wine - Sauvignon Blanc Oyster', 15, '68dcd82f-b01b-458b-b7f4-f09b9810f61f');
insert into products (tags, product_name, price, store_id) values ('{}','Wine - Conde De Valdemar', 18, '68dcd82f-b01b-458b-b7f4-f09b9810f61f');
insert into products (tags, product_name, price, store_id) values ('{}','Truffle Shells - Semi - Sweet', 5, '68dcd82f-b01b-458b-b7f4-f09b9810f61f');
insert into products (tags, product_name, price, store_id) values ('{}','Pork Ham Prager', 17, '68dcd82f-b01b-458b-b7f4-f09b9810f61f');
insert into products (tags, product_name, price, store_id) values ('{}','Smoked Tongue', 20, '68dcd82f-b01b-458b-b7f4-f09b9810f61f');
insert into products (tags, product_name, price, store_id) values ('{}','Foil - 4oz Custard Cup', 6, '68dcd82f-b01b-458b-b7f4-f09b9810f61f');
insert into products (tags, product_name, price, store_id) values ('{}','Nougat - Paste / Cream', 13, '68dcd82f-b01b-458b-b7f4-f09b9810f61f');
insert into products (tags, product_name, price, store_id) values ('{}','Spinach - Spinach Leaf', 18, '68dcd82f-b01b-458b-b7f4-f09b9810f61f');
insert into products (tags, product_name, price, store_id) values ('{}','Oranges', 3, '68dcd82f-b01b-458b-b7f4-f09b9810f61f');
insert into products (tags, product_name, price, store_id) values ('{}','Crab - Meat Combo', 14, '68dcd82f-b01b-458b-b7f4-f09b9810f61f');
insert into products (tags, product_name, price, store_id) values ('{}','Onions - Red', 4, '68dcd82f-b01b-458b-b7f4-f09b9810f61f');
insert into products (tags, product_name, price, store_id) values ('{}','Browning Caramel Glace', 20, '68dcd82f-b01b-458b-b7f4-f09b9810f61f');
insert into products (tags, product_name, price, store_id) values ('{}','Pepsi, 355 Ml', 20, '68dcd82f-b01b-458b-b7f4-f09b9810f61f');
insert into products (tags, product_name, price, store_id) values ('{}','Shrimp - 21/25, Peel And Deviened', 15, '68dcd82f-b01b-458b-b7f4-f09b9810f61f');
insert into products (tags, product_name, price, store_id) values ('{}','Wine - Prem Select Charddonany', 16, '68dcd82f-b01b-458b-b7f4-f09b9810f61f');
insert into products (tags, product_name, price, store_id) values ('{}','Ostrich - Prime Cut', 2, '68dcd82f-b01b-458b-b7f4-f09b9810f61f');
insert into products (tags, product_name, price, store_id) values ('{}','Black Currants', 10, '68dcd82f-b01b-458b-b7f4-f09b9810f61f');
insert into products (tags, product_name, price, store_id) values ('{}','Dome Lid Clear P92008h', 8, '68dcd82f-b01b-458b-b7f4-f09b9810f61f');
insert into products (tags, product_name, price, store_id) values ('{}','Stock - Beef, Brown', 2, '68dcd82f-b01b-458b-b7f4-f09b9810f61f');
insert into products (tags, product_name, price, store_id) values ('{}','Fireball Whisky', 15, '68dcd82f-b01b-458b-b7f4-f09b9810f61f');
insert into products (tags, product_name, price, store_id) values ('{}','Soup - Campbells Beef Strogonoff', 5, '68dcd82f-b01b-458b-b7f4-f09b9810f61f');
insert into products (tags, product_name, price, store_id) values ('{}','Asparagus - White, Fresh', 18, '68dcd82f-b01b-458b-b7f4-f09b9810f61f');
insert into products (tags, product_name, price, store_id) values ('{}','Longos - Cheese Tortellini', 1, '68dcd82f-b01b-458b-b7f4-f09b9810f61f');
insert into products (tags, product_name, price, store_id) values ('{}','Cheese - Cheddarsliced', 11, '68dcd82f-b01b-458b-b7f4-f09b9810f61f');
insert into products (tags, product_name, price, store_id) values ('{}','Wine - Taylors Reserve', 12, '68dcd82f-b01b-458b-b7f4-f09b9810f61f');
insert into products (tags, product_name, price, store_id) values ('{}','Tea - Herbal Orange Spice', 20, '68dcd82f-b01b-458b-b7f4-f09b9810f61f');
insert into products (tags, product_name, price, store_id) values ('{}','Frangelico', 3, '68dcd82f-b01b-458b-b7f4-f09b9810f61f');
insert into products (tags, product_name, price, store_id) values ('{}','Langers - Ruby Red Grapfruit', 7, '68dcd82f-b01b-458b-b7f4-f09b9810f61f');
insert into products (tags, product_name, price, store_id) values ('{}','Broom And Brush Rack Black', 9, '68dcd82f-b01b-458b-b7f4-f09b9810f61f');
insert into products (tags, product_name, price, store_id) values ('{}','Gatorade - Orange', 7, '68dcd82f-b01b-458b-b7f4-f09b9810f61f');
insert into products (tags, product_name, price, store_id) values ('{}','Wine - Pinot Grigio Collavini', 15, '68dcd82f-b01b-458b-b7f4-f09b9810f61f');
insert into products (tags, product_name, price, store_id) values ('{}','Pork - Ham, Virginia', 5, '68dcd82f-b01b-458b-b7f4-f09b9810f61f');
insert into products (tags, product_name, price, store_id) values ('{}','Doilies - 12, Paper', 6, '68dcd82f-b01b-458b-b7f4-f09b9810f61f');
insert into products (tags, product_name, price, store_id) values ('{}','Cake Circle, Paprus', 11, '68dcd82f-b01b-458b-b7f4-f09b9810f61f');
insert into products (tags, product_name, price, store_id) values ('{}','Muffin - Mix - Mango Sour Cherry', 9, '68dcd82f-b01b-458b-b7f4-f09b9810f61f');
insert into products (tags, product_name, price, store_id) values ('{}','Sauerkraut', 9, '68dcd82f-b01b-458b-b7f4-f09b9810f61f');
insert into products (tags, product_name, price, store_id) values ('{}','Tomato - Tricolor Cherry', 9, '68dcd82f-b01b-458b-b7f4-f09b9810f61f');
insert into products (tags, product_name, price, store_id) values ('{}','Lentils - Green, Dry', 10, '68dcd82f-b01b-458b-b7f4-f09b9810f61f');
insert into products (tags, product_name, price, store_id) values ('{}','Bar - Sweet And Salty Chocolate', 20, '68dcd82f-b01b-458b-b7f4-f09b9810f61f');
insert into products (tags, product_name, price, store_id) values ('{}','Wine - Red, Black Opal Shiraz', 14, '708f34a7-f58c-4618-82c1-7b60cc10763d');
insert into products (tags, product_name, price, store_id) values ('{}','Cheese - Mix', 4, '708f34a7-f58c-4618-82c1-7b60cc10763d');
insert into products (tags, product_name, price, store_id) values ('{}','Cocoa Feuilletine', 6, '708f34a7-f58c-4618-82c1-7b60cc10763d');
insert into products (tags, product_name, price, store_id) values ('{}','Okra', 19, '708f34a7-f58c-4618-82c1-7b60cc10763d');
insert into products (tags, product_name, price, store_id) values ('{}','Bar Bran Honey Nut', 7, '708f34a7-f58c-4618-82c1-7b60cc10763d');
insert into products (tags, product_name, price, store_id) values ('{}','Veal - Slab Bacon', 14, '708f34a7-f58c-4618-82c1-7b60cc10763d');
insert into products (tags, product_name, price, store_id) values ('{}','Cheese - Havarti, Roasted Garlic', 8, '708f34a7-f58c-4618-82c1-7b60cc10763d');
insert into products (tags, product_name, price, store_id) values ('{}','Cheese - Boursin, Garlic / Herbs', 6, '708f34a7-f58c-4618-82c1-7b60cc10763d');
insert into products (tags, product_name, price, store_id) values ('{}','Lamb - Shanks', 8, '708f34a7-f58c-4618-82c1-7b60cc10763d');
insert into products (tags, product_name, price, store_id) values ('{}','Celery', 11, '708f34a7-f58c-4618-82c1-7b60cc10763d');
insert into products (tags, product_name, price, store_id) values ('{}','Flour - Buckwheat, Dark', 2, '708f34a7-f58c-4618-82c1-7b60cc10763d');
insert into products (tags, product_name, price, store_id) values ('{}','Energy Drink - Redbull 355ml', 1, '708f34a7-f58c-4618-82c1-7b60cc10763d');
insert into products (tags, product_name, price, store_id) values ('{}','Olives - Morracan Dired', 12, '708f34a7-f58c-4618-82c1-7b60cc10763d');
insert into products (tags, product_name, price, store_id) values ('{}','Lid - 0090 Clear', 8, '708f34a7-f58c-4618-82c1-7b60cc10763d');
insert into products (tags, product_name, price, store_id) values ('{}','Mustard - Dry, Powder', 0.5, '708f34a7-f58c-4618-82c1-7b60cc10763d');
insert into products (tags, product_name, price, store_id) values ('{}','Beef - Salted', 5, '708f34a7-f58c-4618-82c1-7b60cc10763d');
insert into products (tags, product_name, price, store_id) values ('{}','Banana Turning', 20, '708f34a7-f58c-4618-82c1-7b60cc10763d');
insert into products (tags, product_name, price, store_id) values ('{}','Pasta - Cappellini, Dry', 15, '708f34a7-f58c-4618-82c1-7b60cc10763d');
insert into products (tags, product_name, price, store_id) values ('{}','Trueblue - Blueberry Cranberry', 9, '708f34a7-f58c-4618-82c1-7b60cc10763d');
insert into products (tags, product_name, price, store_id) values ('{}','Lemons', 3, '708f34a7-f58c-4618-82c1-7b60cc10763d');
insert into products (tags, product_name, price, store_id) values ('{}','Beef - Cooked, Corned', 8, '708f34a7-f58c-4618-82c1-7b60cc10763d');
insert into products (tags, product_name, price, store_id) values ('{}','Soup - Campbells Chicken', 2, '708f34a7-f58c-4618-82c1-7b60cc10763d');
insert into products (tags, product_name, price, store_id) values ('{}','Mushroom - Morel Frozen', 16, '708f34a7-f58c-4618-82c1-7b60cc10763d');
insert into products (tags, product_name, price, store_id) values ('{}','Everfresh Products', 9, '708f34a7-f58c-4618-82c1-7b60cc10763d');
insert into products (tags, product_name, price, store_id) values ('{}','Chocolate - Dark Callets', 6, '708f34a7-f58c-4618-82c1-7b60cc10763d');
insert into products (tags, product_name, price, store_id) values ('{}','Buttons', 18, '708f34a7-f58c-4618-82c1-7b60cc10763d');
insert into products (tags, product_name, price, store_id) values ('{}','Lotus Root', 8, '708f34a7-f58c-4618-82c1-7b60cc10763d');
insert into products (tags, product_name, price, store_id) values ('{}','Tomatoes - Cherry', 14, '708f34a7-f58c-4618-82c1-7b60cc10763d');
insert into products (tags, product_name, price, store_id) values ('{}','Pears - Fiorelle', 0.5, '708f34a7-f58c-4618-82c1-7b60cc10763d');
insert into products (tags, product_name, price, store_id) values ('{}','Mushroom - King Eryingii', 12, '708f34a7-f58c-4618-82c1-7b60cc10763d');
insert into products (tags, product_name, price, store_id) values ('{}','Bread - White, Sliced', 6, '708f34a7-f58c-4618-82c1-7b60cc10763d');
insert into products (tags, product_name, price, store_id) values ('{}','Sausage - Liver', 16, '708f34a7-f58c-4618-82c1-7b60cc10763d');
insert into products (tags, product_name, price, store_id) values ('{}','Wine - Carmenere Casillero Del', 9, '708f34a7-f58c-4618-82c1-7b60cc10763d');
insert into products (tags, product_name, price, store_id) values ('{}','Pork - Butt, Boneless', 13, '708f34a7-f58c-4618-82c1-7b60cc10763d');
insert into products (tags, product_name, price, store_id) values ('{}','Bagel - Ched Chs Presliced', 18, '708f34a7-f58c-4618-82c1-7b60cc10763d');
insert into products (tags, product_name, price, store_id) values ('{}','Cheese - Comte', 5, '708f34a7-f58c-4618-82c1-7b60cc10763d');
insert into products (tags, product_name, price, store_id) values ('{}','Shrimp - 16/20, Iqf, Shell On', 8, '708f34a7-f58c-4618-82c1-7b60cc10763d');
insert into products (tags, product_name, price, store_id) values ('{}','Coconut Milk - Unsweetened', 8, '708f34a7-f58c-4618-82c1-7b60cc10763d');
insert into products (tags, product_name, price, store_id) values ('{}','Milk - Homo', 12, '708f34a7-f58c-4618-82c1-7b60cc10763d');
insert into products (tags, product_name, price, store_id) values ('{}','Nut - Pumpkin Seeds', 11, '708f34a7-f58c-4618-82c1-7b60cc10763d');
insert into products (tags, product_name, price, store_id) values ('{}','Bag - Regular Kraft 20 Lb', 16, '708f34a7-f58c-4618-82c1-7b60cc10763d');
insert into products (tags, product_name, price, store_id) values ('{}','Flour - Masa De Harina Mexican', 5, '708f34a7-f58c-4618-82c1-7b60cc10763d');
insert into products (tags, product_name, price, store_id) values ('{}','Juice - Pineapple, 341 Ml', 12, '708f34a7-f58c-4618-82c1-7b60cc10763d');
insert into products (tags, product_name, price, store_id) values ('{}','Pasta - Lasagna Noodle, Frozen', 8, '708f34a7-f58c-4618-82c1-7b60cc10763d');
insert into products (tags, product_name, price, store_id) values ('{}','Ice Cream Bar - Hagen Daz', 4, '708f34a7-f58c-4618-82c1-7b60cc10763d');
insert into products (tags, product_name, price, store_id) values ('{}','V8 Splash Strawberry Banana', 3, '708f34a7-f58c-4618-82c1-7b60cc10763d');
insert into products (tags, product_name, price, store_id) values ('{}','Pepper - Green', 4, '708f34a7-f58c-4618-82c1-7b60cc10763d');
insert into products (tags, product_name, price, store_id) values ('{}','Arctic Char - Fillets', 1, '708f34a7-f58c-4618-82c1-7b60cc10763d');
insert into products (tags, product_name, price, store_id) values ('{}','Lobak', 12, '708f34a7-f58c-4618-82c1-7b60cc10763d');
insert into products (tags, product_name, price, store_id) values ('{}','Cheese - Cheddarsliced', 14, '708f34a7-f58c-4618-82c1-7b60cc10763d');
insert into products (tags, product_name, price, store_id) values ('{}','Pears - Fiorelle', 15, '708f34a7-f58c-4618-82c1-7b60cc10763d');
insert into products (tags, product_name, price, store_id) values ('{}','Wine - German Riesling', 2, '708f34a7-f58c-4618-82c1-7b60cc10763d');
insert into products (tags, product_name, price, store_id) values ('{}','Samosa - Veg', 3, '708f34a7-f58c-4618-82c1-7b60cc10763d');
insert into products (tags, product_name, price, store_id) values ('{}','Rappini - Andy Boy', 9, '708f34a7-f58c-4618-82c1-7b60cc10763d');
insert into products (tags, product_name, price, store_id) values ('{}','Cookie Double Choco', 12, '708f34a7-f58c-4618-82c1-7b60cc10763d');
insert into products (tags, product_name, price, store_id) values ('{}','Melon - Watermelon Yellow', 0.5, '708f34a7-f58c-4618-82c1-7b60cc10763d');
insert into products (tags, product_name, price, store_id) values ('{}','Ocean Spray - Kiwi Strawberry', 6, '708f34a7-f58c-4618-82c1-7b60cc10763d');
insert into products (tags, product_name, price, store_id) values ('{}','Bread Roll Foccacia', 11, '708f34a7-f58c-4618-82c1-7b60cc10763d');
insert into products (tags, product_name, price, store_id) values ('{}','Steampan Lid', 20, '708f34a7-f58c-4618-82c1-7b60cc10763d');
insert into products (tags, product_name, price, store_id) values ('{}','Bay Leaf Ground', 16, '708f34a7-f58c-4618-82c1-7b60cc10763d');
insert into products (tags, product_name, price, store_id) values ('{}','Milkettes - 2%', 7, '708f34a7-f58c-4618-82c1-7b60cc10763d');
insert into products (tags, product_name, price, store_id) values ('{}','Vinegar - Cider', 14, '708f34a7-f58c-4618-82c1-7b60cc10763d');
insert into products (tags, product_name, price, store_id) values ('{}','Nantucket Pine Orangebanana', 4, '708f34a7-f58c-4618-82c1-7b60cc10763d');
insert into products (tags, product_name, price, store_id) values ('{}','Dikon', 6, '708f34a7-f58c-4618-82c1-7b60cc10763d');
insert into products (tags, product_name, price, store_id) values ('{}','Wine - Chateau Aqueria Tavel', 18, '708f34a7-f58c-4618-82c1-7b60cc10763d');
insert into products (tags, product_name, price, store_id) values ('{}','Beer - Mcauslan Apricot', 3, '708f34a7-f58c-4618-82c1-7b60cc10763d');
insert into products (tags, product_name, price, store_id) values ('{}','Cheese - Grie Des Champ', 10, '708f34a7-f58c-4618-82c1-7b60cc10763d');
insert into products (tags, product_name, price, store_id) values ('{}','Pike - Frozen Fillet', 9, '708f34a7-f58c-4618-82c1-7b60cc10763d');
insert into products (tags, product_name, price, store_id) values ('{}','Tortillas - Flour, 8', 3, '708f34a7-f58c-4618-82c1-7b60cc10763d');
insert into products (tags, product_name, price, store_id) values ('{}','Pepper - Black, Crushed', 7, '708f34a7-f58c-4618-82c1-7b60cc10763d');
insert into products (tags, product_name, price, store_id) values ('{}','Coke - Diet, 355 Ml', 0.5, '708f34a7-f58c-4618-82c1-7b60cc10763d');
insert into products (tags, product_name, price, store_id) values ('{}','Flavouring - Orange', 13, '708f34a7-f58c-4618-82c1-7b60cc10763d');
insert into products (tags, product_name, price, store_id) values ('{}','Wine - Magnotta - Cab Sauv', 2, '708f34a7-f58c-4618-82c1-7b60cc10763d');
insert into products (tags, product_name, price, store_id) values ('{}','Cleaner - Comet', 10, '708f34a7-f58c-4618-82c1-7b60cc10763d');
insert into products (tags, product_name, price, store_id) values ('{}','Containter - 3oz Microwave Rect.', 0.5, '708f34a7-f58c-4618-82c1-7b60cc10763d');
insert into products (tags, product_name, price, store_id) values ('{}','Daikon Radish', 17, '708f34a7-f58c-4618-82c1-7b60cc10763d');
insert into products (tags, product_name, price, store_id) values ('{}','Juice - Orange, Concentrate', 5, '708f34a7-f58c-4618-82c1-7b60cc10763d');
insert into products (tags, product_name, price, store_id) values ('{}','Broccoli - Fresh', 3, '708f34a7-f58c-4618-82c1-7b60cc10763d');
insert into products (tags, product_name, price, store_id) values ('{}','Bread - Frozen Basket Variety', 16, '708f34a7-f58c-4618-82c1-7b60cc10763d');
insert into products (tags, product_name, price, store_id) values ('{}','Lobster - Baby, Boiled', 11, '708f34a7-f58c-4618-82c1-7b60cc10763d');
insert into products (tags, product_name, price, store_id) values ('{}','Nori Sea Weed', 12, '708f34a7-f58c-4618-82c1-7b60cc10763d');
insert into products (tags, product_name, price, store_id) values ('{}','Cornflakes', 1, '708f34a7-f58c-4618-82c1-7b60cc10763d');
insert into products (tags, product_name, price, store_id) values ('{}','Beer - Original Organic Lager', 2, '708f34a7-f58c-4618-82c1-7b60cc10763d');
insert into products (tags, product_name, price, store_id) values ('{}','Wine - Ruffino Chianti Classico', 9, '708f34a7-f58c-4618-82c1-7b60cc10763d');
insert into products (tags, product_name, price, store_id) values ('{}','Ketchup - Tomato', 17, '708f34a7-f58c-4618-82c1-7b60cc10763d');
insert into products (tags, product_name, price, store_id) values ('{}','Mackerel Whole Fresh', 4, '708f34a7-f58c-4618-82c1-7b60cc10763d');
insert into products (tags, product_name, price, store_id) values ('{}','Soup Knorr Chili With Beans', 1, '708f34a7-f58c-4618-82c1-7b60cc10763d');
insert into products (tags, product_name, price, store_id) values ('{}','Ice Cream Bar - Drumstick', 15, '708f34a7-f58c-4618-82c1-7b60cc10763d');
insert into products (tags, product_name, price, store_id) values ('{}','Wine - Spumante Bambino White', 5, '708f34a7-f58c-4618-82c1-7b60cc10763d');
insert into products (tags, product_name, price, store_id) values ('{}','Mustard Prepared', 5, '708f34a7-f58c-4618-82c1-7b60cc10763d');
insert into products (tags, product_name, price, store_id) values ('{}','Lid - Translucent, 3.5 And 6 Oz', 12, '708f34a7-f58c-4618-82c1-7b60cc10763d');
insert into products (tags, product_name, price, store_id) values ('{}','Pork - Inside', 6, '708f34a7-f58c-4618-82c1-7b60cc10763d');
insert into products (tags, product_name, price, store_id) values ('{}','Cheese - Cheddar, Mild', 20, '708f34a7-f58c-4618-82c1-7b60cc10763d');
insert into products (tags, product_name, price, store_id) values ('{}','Apricots - Halves', 12, '708f34a7-f58c-4618-82c1-7b60cc10763d');
insert into products (tags, product_name, price, store_id) values ('{}','Tomatoes - Plum, Canned', 5, '708f34a7-f58c-4618-82c1-7b60cc10763d');
insert into products (tags, product_name, price, store_id) values ('{}','Sauce - Roasted Red Pepper', 18, '708f34a7-f58c-4618-82c1-7b60cc10763d');
insert into products (tags, product_name, price, store_id) values ('{}','Squash - Pattypan, Yellow', 1, '708f34a7-f58c-4618-82c1-7b60cc10763d');
insert into products (tags, product_name, price, store_id) values ('{}','Carbonated Water - Orange', 2, '708f34a7-f58c-4618-82c1-7b60cc10763d');
insert into products (tags, product_name, price, store_id) values ('{}','Salami - Genova', 14, '708f34a7-f58c-4618-82c1-7b60cc10763d');
insert into products (tags, product_name, price, store_id) values ('{}','Beets', 13, '708f34a7-f58c-4618-82c1-7b60cc10763d');
insert into products (tags, product_name, price, store_id) values ('{}','Lettuce - Romaine', 13, '708f34a7-f58c-4618-82c1-7b60cc10763d');
insert into products (tags, product_name, price, store_id) values ('{}','Butter - Salted, Micro', 5, '708f34a7-f58c-4618-82c1-7b60cc10763d');
insert into products (tags, product_name, price, store_id) values ('{}','The Pop Shoppe - Lime Rickey', 7, '708f34a7-f58c-4618-82c1-7b60cc10763d');
insert into products (tags, product_name, price, store_id) values ('{}','Beef - Flank Steak', 16, '708f34a7-f58c-4618-82c1-7b60cc10763d');
insert into products (tags, product_name, price, store_id) values ('{}','Wine - Rosso Toscano Igt', 10, '708f34a7-f58c-4618-82c1-7b60cc10763d');
insert into products (tags, product_name, price, store_id) values ('{}','Island Oasis - Cappucino Mix', 10, '708f34a7-f58c-4618-82c1-7b60cc10763d');
insert into products (tags, product_name, price, store_id) values ('{}','Soup - Tomato Mush. Florentine', 18, '708f34a7-f58c-4618-82c1-7b60cc10763d');
insert into products (tags, product_name, price, store_id) values ('{}','Pasta - Elbows, Macaroni, Dry', 12, '708f34a7-f58c-4618-82c1-7b60cc10763d');
insert into products (tags, product_name, price, store_id) values ('{}','Carrots - Jumbo', 0.5, '708f34a7-f58c-4618-82c1-7b60cc10763d');
insert into products (tags, product_name, price, store_id) values ('{}','Scallops - U - 10', 5, '708f34a7-f58c-4618-82c1-7b60cc10763d');
insert into products (tags, product_name, price, store_id) values ('{}','Bread - Roll, Italian', 1, '708f34a7-f58c-4618-82c1-7b60cc10763d');
insert into products (tags, product_name, price, store_id) values ('{}','Beer - Sleemans Cream Ale', 14, '708f34a7-f58c-4618-82c1-7b60cc10763d');
insert into products (tags, product_name, price, store_id) values ('{}','Beer - Creemore', 7, '708f34a7-f58c-4618-82c1-7b60cc10763d');
insert into products (tags, product_name, price, store_id) values ('{}','Roe - White Fish', 5, '708f34a7-f58c-4618-82c1-7b60cc10763d');
insert into products (tags, product_name, price, store_id) values ('{}','Mackerel Whole Fresh', 6, '708f34a7-f58c-4618-82c1-7b60cc10763d');
insert into products (tags, product_name, price, store_id) values ('{}','Beer - Original Organic Lager', 5, '708f34a7-f58c-4618-82c1-7b60cc10763d');
insert into products (tags, product_name, price, store_id) values ('{}','Ginsing - Fresh', 8, '708f34a7-f58c-4618-82c1-7b60cc10763d');
insert into products (tags, product_name, price, store_id) values ('{}','Flour - Teff', 13, '708f34a7-f58c-4618-82c1-7b60cc10763d');
insert into products (tags, product_name, price, store_id) values ('{}','Pasta - Orzo, Dry', 6, '708f34a7-f58c-4618-82c1-7b60cc10763d');
insert into products (tags, product_name, price, store_id) values ('{}','Huck White Towels', 13, '708f34a7-f58c-4618-82c1-7b60cc10763d');
insert into products (tags, product_name, price, store_id) values ('{}','Sponge Cake Mix - Chocolate', 7, '20eb21fd-57fb-4491-99f1-9052f8bf6d69');
insert into products (tags, product_name, price, store_id) values ('{}','Cornflakes', 4, '20eb21fd-57fb-4491-99f1-9052f8bf6d69');
insert into products (tags, product_name, price, store_id) values ('{}','Food Colouring - Green', 1, '20eb21fd-57fb-4491-99f1-9052f8bf6d69');
insert into products (tags, product_name, price, store_id) values ('{}','Pasta - Lasagne, Fresh', 12, '20eb21fd-57fb-4491-99f1-9052f8bf6d69');
insert into products (tags, product_name, price, store_id) values ('{}','Soup - Knorr, Chicken Noodle', 16, '20eb21fd-57fb-4491-99f1-9052f8bf6d69');
insert into products (tags, product_name, price, store_id) values ('{}','Cheese - Gorgonzola', 9, '20eb21fd-57fb-4491-99f1-9052f8bf6d69');
insert into products (tags, product_name, price, store_id) values ('{}','Plastic Arrow Stir Stick', 3, '20eb21fd-57fb-4491-99f1-9052f8bf6d69');
insert into products (tags, product_name, price, store_id) values ('{}','Horseradish Root', 4, '20eb21fd-57fb-4491-99f1-9052f8bf6d69');
insert into products (tags, product_name, price, store_id) values ('{}','Soup - French Onion, Dry', 3, '20eb21fd-57fb-4491-99f1-9052f8bf6d69');
insert into products (tags, product_name, price, store_id) values ('{}','Vinegar - Champagne', 0.5, '20eb21fd-57fb-4491-99f1-9052f8bf6d69');
insert into products (tags, product_name, price, store_id) values ('{}','Shrimp - 100 / 200 Cold Water', 1, '20eb21fd-57fb-4491-99f1-9052f8bf6d69');
insert into products (tags, product_name, price, store_id) values ('{}','Bagel - Whole White Sesame', 14, '20eb21fd-57fb-4491-99f1-9052f8bf6d69');
insert into products (tags, product_name, price, store_id) values ('{}','Cream - 10%', 16, '20eb21fd-57fb-4491-99f1-9052f8bf6d69');
insert into products (tags, product_name, price, store_id) values ('{}','Wine - Casillero Del Diablo', 7, '20eb21fd-57fb-4491-99f1-9052f8bf6d69');
insert into products (tags, product_name, price, store_id) values ('{}','Lettuce - Red Leaf', 14, '20eb21fd-57fb-4491-99f1-9052f8bf6d69');
insert into products (tags, product_name, price, store_id) values ('{}','Cheese - Goat With Herbs', 4, '20eb21fd-57fb-4491-99f1-9052f8bf6d69');
insert into products (tags, product_name, price, store_id) values ('{}','Food Colouring - Green', 1, '20eb21fd-57fb-4491-99f1-9052f8bf6d69');
insert into products (tags, product_name, price, store_id) values ('{}','Strawberries', 14, '20eb21fd-57fb-4491-99f1-9052f8bf6d69');
insert into products (tags, product_name, price, store_id) values ('{}','Beer - Sleemans Cream Ale', 8, '20eb21fd-57fb-4491-99f1-9052f8bf6d69');
insert into products (tags, product_name, price, store_id) values ('{}','Wine - Saint Emilion Calvet', 18, '20eb21fd-57fb-4491-99f1-9052f8bf6d69');
insert into products (tags, product_name, price, store_id) values ('{}','Spice - Montreal Steak Spice', 13, '20eb21fd-57fb-4491-99f1-9052f8bf6d69');
insert into products (tags, product_name, price, store_id) values ('{}','Beef - Bones, Marrow', 19, '20eb21fd-57fb-4491-99f1-9052f8bf6d69');
insert into products (tags, product_name, price, store_id) values ('{}','Spice - Montreal Steak Spice', 5, '20eb21fd-57fb-4491-99f1-9052f8bf6d69');
insert into products (tags, product_name, price, store_id) values ('{}','Wine - Conde De Valdemar', 8, '20eb21fd-57fb-4491-99f1-9052f8bf6d69');
insert into products (tags, product_name, price, store_id) values ('{}','Pasta - Elbows, Macaroni, Dry', 4, '20eb21fd-57fb-4491-99f1-9052f8bf6d69');
insert into products (tags, product_name, price, store_id) values ('{}','Wine - Red, Metus Rose', 4, '20eb21fd-57fb-4491-99f1-9052f8bf6d69');
insert into products (tags, product_name, price, store_id) values ('{}','Sauce - Cranberry', 0.5, '20eb21fd-57fb-4491-99f1-9052f8bf6d69');
insert into products (tags, product_name, price, store_id) values ('{}','Chicken - Ground', 17, '20eb21fd-57fb-4491-99f1-9052f8bf6d69');
insert into products (tags, product_name, price, store_id) values ('{}','Wine - Segura Viudas Aria Brut', 15, '20eb21fd-57fb-4491-99f1-9052f8bf6d69');
insert into products (tags, product_name, price, store_id) values ('{}','Rice Paper', 11, '20eb21fd-57fb-4491-99f1-9052f8bf6d69');
insert into products (tags, product_name, price, store_id) values ('{}','Pastry - Chocolate Marble Tea', 18, '20eb21fd-57fb-4491-99f1-9052f8bf6d69');
insert into products (tags, product_name, price, store_id) values ('{}','Wine - Chianti Classico Riserva', 19, '20eb21fd-57fb-4491-99f1-9052f8bf6d69');
insert into products (tags, product_name, price, store_id) values ('{}','Longos - Greek Salad', 8, '20eb21fd-57fb-4491-99f1-9052f8bf6d69');
insert into products (tags, product_name, price, store_id) values ('{}','Sandwich Wrap', 6, '20eb21fd-57fb-4491-99f1-9052f8bf6d69');
insert into products (tags, product_name, price, store_id) values ('{}','The Pop Shoppe - Black Cherry', 1, '20eb21fd-57fb-4491-99f1-9052f8bf6d69');
insert into products (tags, product_name, price, store_id) values ('{}','Strawberries - California', 19, '20eb21fd-57fb-4491-99f1-9052f8bf6d69');
insert into products (tags, product_name, price, store_id) values ('{}','Wine - White, Riesling, Henry Of', 0.5, '20eb21fd-57fb-4491-99f1-9052f8bf6d69');
insert into products (tags, product_name, price, store_id) values ('{}','Veal - Tenderloin, Untrimmed', 7, '20eb21fd-57fb-4491-99f1-9052f8bf6d69');
insert into products (tags, product_name, price, store_id) values ('{}','Oil - Olive, Extra Virgin', 9, '20eb21fd-57fb-4491-99f1-9052f8bf6d69');
insert into products (tags, product_name, price, store_id) values ('{}','Nut - Pecan, Pieces', 10, '20eb21fd-57fb-4491-99f1-9052f8bf6d69');
insert into products (tags, product_name, price, store_id) values ('{}','Juice - Apple Cider', 1, '20eb21fd-57fb-4491-99f1-9052f8bf6d69');
insert into products (tags, product_name, price, store_id) values ('{}','Mangoes', 18, '20eb21fd-57fb-4491-99f1-9052f8bf6d69');
insert into products (tags, product_name, price, store_id) values ('{}','Arrowroot', 17, '20eb21fd-57fb-4491-99f1-9052f8bf6d69');
insert into products (tags, product_name, price, store_id) values ('{}','Coffee Cup 12oz 5342cd', 4, '20eb21fd-57fb-4491-99f1-9052f8bf6d69');
insert into products (tags, product_name, price, store_id) values ('{}','Cornstarch', 4, '20eb21fd-57fb-4491-99f1-9052f8bf6d69');
insert into products (tags, product_name, price, store_id) values ('{}','Berry Brulee', 7, '20eb21fd-57fb-4491-99f1-9052f8bf6d69');
insert into products (tags, product_name, price, store_id) values ('{}','Sprouts - Baby Pea Tendrils', 1, '20eb21fd-57fb-4491-99f1-9052f8bf6d69');
insert into products (tags, product_name, price, store_id) values ('{}','Sage - Ground', 1, '20eb21fd-57fb-4491-99f1-9052f8bf6d69');
insert into products (tags, product_name, price, store_id) values ('{}','Limes', 19, '20eb21fd-57fb-4491-99f1-9052f8bf6d69');
insert into products (tags, product_name, price, store_id) values ('{}','Cabbage - Nappa', 4, '20eb21fd-57fb-4491-99f1-9052f8bf6d69');
insert into products (tags, product_name, price, store_id) values ('{}','Kaffir Lime Leaves', 5, '20eb21fd-57fb-4491-99f1-9052f8bf6d69');
insert into products (tags, product_name, price, store_id) values ('{}','Pate Pans Yellow', 1, '20eb21fd-57fb-4491-99f1-9052f8bf6d69');
insert into products (tags, product_name, price, store_id) values ('{}','Oil - Olive, Extra Virgin', 12, '20eb21fd-57fb-4491-99f1-9052f8bf6d69');
insert into products (tags, product_name, price, store_id) values ('{}','Corn - Cream, Canned', 14, '20eb21fd-57fb-4491-99f1-9052f8bf6d69');
insert into products (tags, product_name, price, store_id) values ('{}','Chips - Assorted', 11, '20eb21fd-57fb-4491-99f1-9052f8bf6d69');
insert into products (tags, product_name, price, store_id) values ('{}','Wine - Penfolds Koonuga Hill', 16, '20eb21fd-57fb-4491-99f1-9052f8bf6d69');
insert into products (tags, product_name, price, store_id) values ('{}','Beets - Mini Golden', 10, '20eb21fd-57fb-4491-99f1-9052f8bf6d69');
insert into products (tags, product_name, price, store_id) values ('{}','Trueblue - Blueberry 12x473ml', 1, '20eb21fd-57fb-4491-99f1-9052f8bf6d69');
insert into products (tags, product_name, price, store_id) values ('{}','Lamb - Whole Head Off,nz', 16, '20eb21fd-57fb-4491-99f1-9052f8bf6d69');
insert into products (tags, product_name, price, store_id) values ('{}','Pur Value', 7, '20eb21fd-57fb-4491-99f1-9052f8bf6d69');
insert into products (tags, product_name, price, store_id) values ('{}','Cookie Dough - Peanut Butter', 16, '20eb21fd-57fb-4491-99f1-9052f8bf6d69');
insert into products (tags, product_name, price, store_id) values ('{}','Pork - Butt, Boneless', 12, '20eb21fd-57fb-4491-99f1-9052f8bf6d69');
insert into products (tags, product_name, price, store_id) values ('{}','Crush - Orange, 355ml', 7, '20eb21fd-57fb-4491-99f1-9052f8bf6d69');
insert into products (tags, product_name, price, store_id) values ('{}','Carrots - Mini Red Organic', 12, '20eb21fd-57fb-4491-99f1-9052f8bf6d69');
insert into products (tags, product_name, price, store_id) values ('{}','Cherries - Fresh', 17, '20eb21fd-57fb-4491-99f1-9052f8bf6d69');
insert into products (tags, product_name, price, store_id) values ('{}','Wonton Wrappers', 9, '20eb21fd-57fb-4491-99f1-9052f8bf6d69');
insert into products (tags, product_name, price, store_id) values ('{}','Pastry - Butterscotch Baked', 3, '20eb21fd-57fb-4491-99f1-9052f8bf6d69');
insert into products (tags, product_name, price, store_id) values ('{}','Chips - Miss Vickies', 19, '20eb21fd-57fb-4491-99f1-9052f8bf6d69');
insert into products (tags, product_name, price, store_id) values ('{}','Cabbage - Green', 1, '20eb21fd-57fb-4491-99f1-9052f8bf6d69');
insert into products (tags, product_name, price, store_id) values ('{}','Eggplant - Regular', 5, '20eb21fd-57fb-4491-99f1-9052f8bf6d69');
insert into products (tags, product_name, price, store_id) values ('{}','Lobster - Live', 18, '20eb21fd-57fb-4491-99f1-9052f8bf6d69');
insert into products (tags, product_name, price, store_id) values ('{}','Cheese - Blue', 9, '20eb21fd-57fb-4491-99f1-9052f8bf6d69');
insert into products (tags, product_name, price, store_id) values ('{}','Chambord Royal', 19, '20eb21fd-57fb-4491-99f1-9052f8bf6d69');
insert into products (tags, product_name, price, store_id) values ('{}','Vacuum Bags 12x16', 18, '20eb21fd-57fb-4491-99f1-9052f8bf6d69');
insert into products (tags, product_name, price, store_id) values ('{}','Towel Multifold', 16, '20eb21fd-57fb-4491-99f1-9052f8bf6d69');
insert into products (tags, product_name, price, store_id) values ('{}','Pasta - Angel Hair', 1, '20eb21fd-57fb-4491-99f1-9052f8bf6d69');
insert into products (tags, product_name, price, store_id) values ('{}','Stock - Fish', 13, '20eb21fd-57fb-4491-99f1-9052f8bf6d69');
insert into products (tags, product_name, price, store_id) values ('{}','Chinese Foods - Chicken Wing', 4, '20eb21fd-57fb-4491-99f1-9052f8bf6d69');
insert into products (tags, product_name, price, store_id) values ('{}','Sauce - Soya, Light', 0.5, '20eb21fd-57fb-4491-99f1-9052f8bf6d69');
insert into products (tags, product_name, price, store_id) values ('{}','Chicken - White Meat With Tender', 3, '20eb21fd-57fb-4491-99f1-9052f8bf6d69');
insert into products (tags, product_name, price, store_id) values ('{}','Salsify, Organic', 6, '20eb21fd-57fb-4491-99f1-9052f8bf6d69');
insert into products (tags, product_name, price, store_id) values ('{}','Butter - Unsalted', 18, '20eb21fd-57fb-4491-99f1-9052f8bf6d69');
insert into products (tags, product_name, price, store_id) values ('{}','Juice - Happy Planet', 10, '20eb21fd-57fb-4491-99f1-9052f8bf6d69');
insert into products (tags, product_name, price, store_id) values ('{}','Truffle Paste', 1, '20eb21fd-57fb-4491-99f1-9052f8bf6d69');
insert into products (tags, product_name, price, store_id) values ('{}','Bread - Pita, Mini', 18, '20eb21fd-57fb-4491-99f1-9052f8bf6d69');
insert into products (tags, product_name, price, store_id) values ('{}','Shrimp - Black Tiger 13/15', 7, '20eb21fd-57fb-4491-99f1-9052f8bf6d69');
insert into products (tags, product_name, price, store_id) values ('{}','Flour - Buckwheat, Dark', 8, '20eb21fd-57fb-4491-99f1-9052f8bf6d69');
insert into products (tags, product_name, price, store_id) values ('{}','Pork - Bacon, Sliced', 11, '20eb21fd-57fb-4491-99f1-9052f8bf6d69');
insert into products (tags, product_name, price, store_id) values ('{}','Gatorade - Fruit Punch', 14, '20eb21fd-57fb-4491-99f1-9052f8bf6d69');
insert into products (tags, product_name, price, store_id) values ('{}','Vaccum Bag 10x13', 10, '20eb21fd-57fb-4491-99f1-9052f8bf6d69');
insert into products (tags, product_name, price, store_id) values ('{}','Soup - Beef Conomme, Dry', 13, '20eb21fd-57fb-4491-99f1-9052f8bf6d69');
insert into products (tags, product_name, price, store_id) values ('{}','Bouillion - Fish', 11, '20eb21fd-57fb-4491-99f1-9052f8bf6d69');
insert into products (tags, product_name, price, store_id) values ('{}','Juice - Cranberry 284ml', 1, '20eb21fd-57fb-4491-99f1-9052f8bf6d69');
insert into products (tags, product_name, price, store_id) values ('{}','Pepper - Red, Finger Hot', 16, '20eb21fd-57fb-4491-99f1-9052f8bf6d69');
insert into products (tags, product_name, price, store_id) values ('{}','Sea Bass - Whole', 4, '20eb21fd-57fb-4491-99f1-9052f8bf6d69');
insert into products (tags, product_name, price, store_id) values ('{}','Cleaner - Lime Away', 5, '20eb21fd-57fb-4491-99f1-9052f8bf6d69');
insert into products (tags, product_name, price, store_id) values ('{}','Foam Cup 6 Oz', 18, '20eb21fd-57fb-4491-99f1-9052f8bf6d69');
insert into products (tags, product_name, price, store_id) values ('{}','Yoplait - Strawbrasp Peac', 6, '20eb21fd-57fb-4491-99f1-9052f8bf6d69');
insert into products (tags, product_name, price, store_id) values ('{}','Flavouring Vanilla Artificial', 10, '20eb21fd-57fb-4491-99f1-9052f8bf6d69');
insert into products (tags, product_name, price, store_id) values ('{}','Wine - Red, Pelee Island Merlot', 19, '20eb21fd-57fb-4491-99f1-9052f8bf6d69');
insert into products (tags, product_name, price, store_id) values ('{}','Sweet Pea Sprouts', 15, '20eb21fd-57fb-4491-99f1-9052f8bf6d69');
insert into products (tags, product_name, price, store_id) values ('{}','Beans - Black Bean, Canned', 5, '20eb21fd-57fb-4491-99f1-9052f8bf6d69');
insert into products (tags, product_name, price, store_id) values ('{}','Wine - White, Lindemans Bin 95', 19, '20eb21fd-57fb-4491-99f1-9052f8bf6d69');
insert into products (tags, product_name, price, store_id) values ('{}','Cumin - Whole', 19, '20eb21fd-57fb-4491-99f1-9052f8bf6d69');
insert into products (tags, product_name, price, store_id) values ('{}','Cheese - Havarti, Salsa', 3, '20eb21fd-57fb-4491-99f1-9052f8bf6d69');
insert into products (tags, product_name, price, store_id) values ('{}','Yeast Dry - Fleischman', 5, '20eb21fd-57fb-4491-99f1-9052f8bf6d69');
insert into products (tags, product_name, price, store_id) values ('{}','Bamboo Shoots - Sliced', 10, '20eb21fd-57fb-4491-99f1-9052f8bf6d69');
insert into products (tags, product_name, price, store_id) values ('{}','Alize Gold Passion', 19, '20eb21fd-57fb-4491-99f1-9052f8bf6d69');
insert into products (tags, product_name, price, store_id) values ('{}','Pork - Ham, Virginia', 19, '20eb21fd-57fb-4491-99f1-9052f8bf6d69');
insert into products (tags, product_name, price, store_id) values ('{}','Bread - Olive', 12, '20eb21fd-57fb-4491-99f1-9052f8bf6d69');
insert into products (tags, product_name, price, store_id) values ('{}','Noodles - Cellophane, Thin', 4, '20eb21fd-57fb-4491-99f1-9052f8bf6d69');
insert into products (tags, product_name, price, store_id) values ('{}','Carbonated Water - White Grape', 2, '20eb21fd-57fb-4491-99f1-9052f8bf6d69');
insert into products (tags, product_name, price, store_id) values ('{}','Tomatillo', 1, '20eb21fd-57fb-4491-99f1-9052f8bf6d69');
insert into products (tags, product_name, price, store_id) values ('{}','Pasta - Bauletti, Chicken White', 12, '20eb21fd-57fb-4491-99f1-9052f8bf6d69');
insert into products (tags, product_name, price, store_id) values ('{}','Soup - Knorr, Ministrone', 8, '20eb21fd-57fb-4491-99f1-9052f8bf6d69');
insert into products (tags, product_name, price, store_id) values ('{}','Soup - Boston Clam Chowder', 17, '20eb21fd-57fb-4491-99f1-9052f8bf6d69');
insert into products (tags, product_name, price, store_id) values ('{}','Yogurt - Raspberry, 175 Gr', 13, '20eb21fd-57fb-4491-99f1-9052f8bf6d69');
insert into products (tags, product_name, price, store_id) values ('{}','Puree - Mango', 9, '20eb21fd-57fb-4491-99f1-9052f8bf6d69');
insert into products (tags, product_name, price, store_id) values ('{}','Bread - Roll, Calabrese', 8, '20eb21fd-57fb-4491-99f1-9052f8bf6d69');
insert into products (tags, product_name, price, store_id) values ('{}','Vinegar - Balsamic, White', 9, '20eb21fd-57fb-4491-99f1-9052f8bf6d69');

-- Users 

insert into users (user_name, first_name, last_name, email, gender, password, store_id) values ('mpoapostolis', 'Apostolis', 'Mpostanis', 'mpoapostolis@gmail.com', 'male', '$2b$10$ZtfM4rgc8uTxuuf5J.fj9Ojd1CqNtBJ1mbF0F6LNvTBBcZEgwpzAW', '68dcd82f-b01b-458b-b7f4-f09b9810f61f');
insert into users (user_name, first_name, last_name, email, gender, password, store_id) values ('egaunter0', 'Elmer', 'Gaunter', 'egaunter0@naver.com', 'male', '$2b$10$ZtfM4rgc8uTxuuf5J.fj9Ojd1CqNtBJ1mbF0F6LNvTBBcZEgwpzAW', '68dcd82f-b01b-458b-b7f4-f09b9810f61f');
insert into users (user_name, first_name, last_name, email, gender, password, store_id) values ('scopcutt1', 'Skylar', 'Copcutt', 'scopcutt1@google.com.br', 'male', '$2b$10$ZtfM4rgc8uTxuuf5J.fj9Ojd1CqNtBJ1mbF0F6LNvTBBcZEgwpzAW', '68dcd82f-b01b-458b-b7f4-f09b9810f61f');
insert into users (user_name, first_name, last_name, email, gender, password, store_id) values ('dvowles2', 'Dane', 'Vowles', 'dvowles2@nih.gov', 'male', '$2b$10$ZtfM4rgc8uTxuuf5J.fj9Ojd1CqNtBJ1mbF0F6LNvTBBcZEgwpzAW', '68dcd82f-b01b-458b-b7f4-f09b9810f61f');
insert into users (user_name, first_name, last_name, email, gender, password, store_id) values ('gharriss3', 'Gordy', 'Harriss', 'gharriss3@bravesites.com', 'male', '$2b$10$ZtfM4rgc8uTxuuf5J.fj9Ojd1CqNtBJ1mbF0F6LNvTBBcZEgwpzAW', '68dcd82f-b01b-458b-b7f4-f09b9810f61f');
insert into users (user_name, first_name, last_name, email, gender, password, store_id) values ('tshilito4', 'Thia', 'Shilito', 'tshilito4@t.co', 'female', '$2b$10$ZtfM4rgc8uTxuuf5J.fj9Ojd1CqNtBJ1mbF0F6LNvTBBcZEgwpzAW', '68dcd82f-b01b-458b-b7f4-f09b9810f61f');
insert into users (user_name, first_name, last_name, email, gender, password, store_id) values ('aokeeffe5', 'Adlai', 'O''Keeffe', 'aokeeffe5@qq.com', 'male', '$2b$10$ZtfM4rgc8uTxuuf5J.fj9Ojd1CqNtBJ1mbF0F6LNvTBBcZEgwpzAW', '68dcd82f-b01b-458b-b7f4-f09b9810f61f');
insert into users (user_name, first_name, last_name, email, gender, password, store_id) values ('cwhyberd6', 'Crysta', 'Whyberd', 'cwhyberd6@flavors.me', 'female', '$2b$10$ZtfM4rgc8uTxuuf5J.fj9Ojd1CqNtBJ1mbF0F6LNvTBBcZEgwpzAW', '68dcd82f-b01b-458b-b7f4-f09b9810f61f');
insert into users (user_name, first_name, last_name, email, gender, password, store_id) values ('dferraron7', 'David', 'Ferraron', 'dferraron7@yahoo.co.jp', 'male', '$2b$10$ZtfM4rgc8uTxuuf5J.fj9Ojd1CqNtBJ1mbF0F6LNvTBBcZEgwpzAW', '68dcd82f-b01b-458b-b7f4-f09b9810f61f');
insert into users (user_name, first_name, last_name, email, gender, password, store_id) values ('cwiddop8', 'Chauncey', 'Widdop', 'cwiddop8@telegraph.co.uk', 'male', '$2b$10$ZtfM4rgc8uTxuuf5J.fj9Ojd1CqNtBJ1mbF0F6LNvTBBcZEgwpzAW', '68dcd82f-b01b-458b-b7f4-f09b9810f61f');
insert into users (user_name, first_name, last_name, email, gender, password, store_id) values ('baspinell9', 'Blane', 'Aspinell', 'baspinell9@stumbleupon.com', 'male', '$2b$10$ZtfM4rgc8uTxuuf5J.fj9Ojd1CqNtBJ1mbF0F6LNvTBBcZEgwpzAW', '68dcd82f-b01b-458b-b7f4-f09b9810f61f');
insert into users (user_name, first_name, last_name, email, gender, password, store_id) values ('akinseta', 'Adelina', 'Kinset', 'akinseta@vimeo.com', 'female', '$2b$10$ZtfM4rgc8uTxuuf5J.fj9Ojd1CqNtBJ1mbF0F6LNvTBBcZEgwpzAW', '68dcd82f-b01b-458b-b7f4-f09b9810f61f');
insert into users (user_name, first_name, last_name, email, gender, password, store_id) values ('jmehargb', 'Johnathon', 'Meharg', 'jmehargb@ca.gov', 'male', '$2b$10$ZtfM4rgc8uTxuuf5J.fj9Ojd1CqNtBJ1mbF0F6LNvTBBcZEgwpzAW', '68dcd82f-b01b-458b-b7f4-f09b9810f61f');
insert into users (user_name, first_name, last_name, email, gender, password, store_id) values ('bearthfieldc', 'Bartholemy', 'Earthfield', 'bearthfieldc@netvibes.com', 'male', '$2b$10$ZtfM4rgc8uTxuuf5J.fj9Ojd1CqNtBJ1mbF0F6LNvTBBcZEgwpzAW', '68dcd82f-b01b-458b-b7f4-f09b9810f61f');
insert into users (user_name, first_name, last_name, email, gender, password, store_id) values ('phallwelld', 'Pauline', 'Hallwell', 'phallwelld@sun.com', 'female', '$2b$10$ZtfM4rgc8uTxuuf5J.fj9Ojd1CqNtBJ1mbF0F6LNvTBBcZEgwpzAW', '68dcd82f-b01b-458b-b7f4-f09b9810f61f');
insert into users (user_name, first_name, last_name, email, gender, password, store_id) values ('dmcmeekane', 'Daile', 'McMeekan', 'dmcmeekane@addtoany.com', 'female', '$2b$10$ZtfM4rgc8uTxuuf5J.fj9Ojd1CqNtBJ1mbF0F6LNvTBBcZEgwpzAW', '68dcd82f-b01b-458b-b7f4-f09b9810f61f');
insert into users (user_name, first_name, last_name, email, gender, password, store_id) values ('jjiruchf', 'Jeffie', 'Jiruch', 'jjiruchf@bluehost.com', 'male', '$2b$10$ZtfM4rgc8uTxuuf5J.fj9Ojd1CqNtBJ1mbF0F6LNvTBBcZEgwpzAW', '68dcd82f-b01b-458b-b7f4-f09b9810f61f');
insert into users (user_name, first_name, last_name, email, gender, password, store_id) values ('mreadwingg', 'Mathew', 'Readwing', 'mreadwingg@photobucket.com', 'male', '$2b$10$ZtfM4rgc8uTxuuf5J.fj9Ojd1CqNtBJ1mbF0F6LNvTBBcZEgwpzAW', '68dcd82f-b01b-458b-b7f4-f09b9810f61f');
insert into users (user_name, first_name, last_name, email, gender, password, store_id) values ('sjasiakh', 'Sybilla', 'Jasiak', 'sjasiakh@cpanel.net', 'female', '$2b$10$ZtfM4rgc8uTxuuf5J.fj9Ojd1CqNtBJ1mbF0F6LNvTBBcZEgwpzAW', '68dcd82f-b01b-458b-b7f4-f09b9810f61f');
insert into users (user_name, first_name, last_name, email, gender, password, store_id) values ('mbinesi', 'Melisandra', 'Bines', 'mbinesi@nps.gov', 'female', '$2b$10$ZtfM4rgc8uTxuuf5J.fj9Ojd1CqNtBJ1mbF0F6LNvTBBcZEgwpzAW', '68dcd82f-b01b-458b-b7f4-f09b9810f61f');
insert into users (user_name, first_name, last_name, email, gender, password, store_id) values ('twalsomj', 'Tanney', 'Walsom', 'twalsomj@studiopress.com', 'male', '$2b$10$ZtfM4rgc8uTxuuf5J.fj9Ojd1CqNtBJ1mbF0F6LNvTBBcZEgwpzAW', '68dcd82f-b01b-458b-b7f4-f09b9810f61f');
insert into users (user_name, first_name, last_name, email, gender, password, store_id) values ('troxbroughk', 'Timmie', 'Roxbrough', 'troxbroughk@goodreads.com', 'female', '$2b$10$ZtfM4rgc8uTxuuf5J.fj9Ojd1CqNtBJ1mbF0F6LNvTBBcZEgwpzAW', '68dcd82f-b01b-458b-b7f4-f09b9810f61f');
insert into users (user_name, first_name, last_name, email, gender, password, store_id) values ('jyurocjhinl', 'Jodie', 'Yurocjhin', 'jyurocjhinl@google.cn', 'female', '$2b$10$ZtfM4rgc8uTxuuf5J.fj9Ojd1CqNtBJ1mbF0F6LNvTBBcZEgwpzAW', '68dcd82f-b01b-458b-b7f4-f09b9810f61f');
insert into users (user_name, first_name, last_name, email, gender, password, store_id) values ('dmionm', 'Dorthea', 'Mion', 'dmionm@marketwatch.com', 'female', '$2b$10$ZtfM4rgc8uTxuuf5J.fj9Ojd1CqNtBJ1mbF0F6LNvTBBcZEgwpzAW', '68dcd82f-b01b-458b-b7f4-f09b9810f61f');
insert into users (user_name, first_name, last_name, email, gender, password, store_id) values ('cdunlopn', 'Carly', 'Dunlop', 'cdunlopn@archive.org', 'male', '$2b$10$ZtfM4rgc8uTxuuf5J.fj9Ojd1CqNtBJ1mbF0F6LNvTBBcZEgwpzAW', '68dcd82f-b01b-458b-b7f4-f09b9810f61f');
insert into users (user_name, first_name, last_name, email, gender, password, store_id) values ('aeayreso', 'Alejandra', 'Eayres', 'aeayreso@newyorker.com', 'female', '$2b$10$ZtfM4rgc8uTxuuf5J.fj9Ojd1CqNtBJ1mbF0F6LNvTBBcZEgwpzAW', '68dcd82f-b01b-458b-b7f4-f09b9810f61f');
insert into users (user_name, first_name, last_name, email, gender, password, store_id) values ('jmayoralp', 'Jocko', 'Mayoral', 'jmayoralp@creativecommons.org', 'male', '$2b$10$ZtfM4rgc8uTxuuf5J.fj9Ojd1CqNtBJ1mbF0F6LNvTBBcZEgwpzAW', '68dcd82f-b01b-458b-b7f4-f09b9810f61f');
insert into users (user_name, first_name, last_name, email, gender, password, store_id) values ('amiallq', 'Adam', 'Miall', 'amiallq@usgs.gov', 'male', '$2b$10$ZtfM4rgc8uTxuuf5J.fj9Ojd1CqNtBJ1mbF0F6LNvTBBcZEgwpzAW', '68dcd82f-b01b-458b-b7f4-f09b9810f61f');
insert into users (user_name, first_name, last_name, email, gender, password, store_id) values ('gpalfreer', 'Gifford', 'Palfree', 'gpalfreer@mediafire.com', 'male', '$2b$10$ZtfM4rgc8uTxuuf5J.fj9Ojd1CqNtBJ1mbF0F6LNvTBBcZEgwpzAW', '68dcd82f-b01b-458b-b7f4-f09b9810f61f');
insert into users (user_name, first_name, last_name, email, gender, password, store_id) values ('asanhams', 'Aileen', 'Sanham', 'asanhams@google.pl', 'female', '$2b$10$ZtfM4rgc8uTxuuf5J.fj9Ojd1CqNtBJ1mbF0F6LNvTBBcZEgwpzAW', '68dcd82f-b01b-458b-b7f4-f09b9810f61f');
insert into users (user_name, first_name, last_name, email, gender, password, store_id) values ('ccavozzit', 'Charla', 'Cavozzi', 'ccavozzit@reverbnation.com', 'female', '$2b$10$ZtfM4rgc8uTxuuf5J.fj9Ojd1CqNtBJ1mbF0F6LNvTBBcZEgwpzAW', '68dcd82f-b01b-458b-b7f4-f09b9810f61f');
insert into users (user_name, first_name, last_name, email, gender, password, store_id) values ('mshitliffu', 'Mart', 'Shitliff', 'mshitliffu@blinklist.com', 'male', '$2b$10$ZtfM4rgc8uTxuuf5J.fj9Ojd1CqNtBJ1mbF0F6LNvTBBcZEgwpzAW', '68dcd82f-b01b-458b-b7f4-f09b9810f61f');
insert into users (user_name, first_name, last_name, email, gender, password, store_id) values ('ldaunterv', 'Lee', 'Daunter', 'ldaunterv@sbwire.com', 'male', '$2b$10$ZtfM4rgc8uTxuuf5J.fj9Ojd1CqNtBJ1mbF0F6LNvTBBcZEgwpzAW', '68dcd82f-b01b-458b-b7f4-f09b9810f61f');
insert into users (user_name, first_name, last_name, email, gender, password, store_id) values ('uhargiew', 'Urban', 'Hargie', 'uhargiew@yelp.com', 'male', '$2b$10$ZtfM4rgc8uTxuuf5J.fj9Ojd1CqNtBJ1mbF0F6LNvTBBcZEgwpzAW', '68dcd82f-b01b-458b-b7f4-f09b9810f61f');
insert into users (user_name, first_name, last_name, email, gender, password, store_id) values ('mseabonx', 'Maddie', 'Seabon', 'mseabonx@bloglines.com', 'male', '$2b$10$ZtfM4rgc8uTxuuf5J.fj9Ojd1CqNtBJ1mbF0F6LNvTBBcZEgwpzAW', '68dcd82f-b01b-458b-b7f4-f09b9810f61f');
insert into users (user_name, first_name, last_name, email, gender, password, store_id) values ('tmcgowny', 'Timmie', 'McGown', 'tmcgowny@gov.uk', 'male', '$2b$10$ZtfM4rgc8uTxuuf5J.fj9Ojd1CqNtBJ1mbF0F6LNvTBBcZEgwpzAW', '68dcd82f-b01b-458b-b7f4-f09b9810f61f');
insert into users (user_name, first_name, last_name, email, gender, password, store_id) values ('ssilverstonz', 'Stewart', 'Silverston', 'ssilverstonz@instagram.com', 'male', '$2b$10$ZtfM4rgc8uTxuuf5J.fj9Ojd1CqNtBJ1mbF0F6LNvTBBcZEgwpzAW', '68dcd82f-b01b-458b-b7f4-f09b9810f61f');
insert into users (user_name, first_name, last_name, email, gender, password, store_id) values ('nfouracres10', 'Natalee', 'Fouracres', 'nfouracres10@list-manage.com', 'female', '$2b$10$ZtfM4rgc8uTxuuf5J.fj9Ojd1CqNtBJ1mbF0F6LNvTBBcZEgwpzAW', '68dcd82f-b01b-458b-b7f4-f09b9810f61f');
insert into users (user_name, first_name, last_name, email, gender, password, store_id) values ('dbattleson11', 'Dodie', 'Battleson', 'dbattleson11@google.com.br', 'female', '$2b$10$ZtfM4rgc8uTxuuf5J.fj9Ojd1CqNtBJ1mbF0F6LNvTBBcZEgwpzAW', '68dcd82f-b01b-458b-b7f4-f09b9810f61f');
insert into users (user_name, first_name, last_name, email, gender, password, store_id) values ('astroud12', 'Arabelle', 'Stroud', 'astroud12@t.co', 'female', '$2b$10$ZtfM4rgc8uTxuuf5J.fj9Ojd1CqNtBJ1mbF0F6LNvTBBcZEgwpzAW', '68dcd82f-b01b-458b-b7f4-f09b9810f61f');
insert into users (user_name, first_name, last_name, email, gender, password, store_id) values ('wdole13', 'Willy', 'Dole', 'wdole13@moonfruit.com', 'male', '$2b$10$ZtfM4rgc8uTxuuf5J.fj9Ojd1CqNtBJ1mbF0F6LNvTBBcZEgwpzAW', '68dcd82f-b01b-458b-b7f4-f09b9810f61f');
insert into users (user_name, first_name, last_name, email, gender, password, store_id) values ('hbogey14', 'Herby', 'Bogey', 'hbogey14@house.gov', 'male', '$2b$10$ZtfM4rgc8uTxuuf5J.fj9Ojd1CqNtBJ1mbF0F6LNvTBBcZEgwpzAW', '68dcd82f-b01b-458b-b7f4-f09b9810f61f');
insert into users (user_name, first_name, last_name, email, gender, password, store_id) values ('kburniston15', 'Kary', 'Burniston', 'kburniston15@weather.com', 'female', '$2b$10$ZtfM4rgc8uTxuuf5J.fj9Ojd1CqNtBJ1mbF0F6LNvTBBcZEgwpzAW', '68dcd82f-b01b-458b-b7f4-f09b9810f61f');
insert into users (user_name, first_name, last_name, email, gender, password, store_id) values ('ldallicott16', 'Lev', 'Dallicott', 'ldallicott16@exblog.jp', 'male', '$2b$10$ZtfM4rgc8uTxuuf5J.fj9Ojd1CqNtBJ1mbF0F6LNvTBBcZEgwpzAW', '68dcd82f-b01b-458b-b7f4-f09b9810f61f');
insert into users (user_name, first_name, last_name, email, gender, password, store_id) values ('cantognazzi17', 'Codie', 'Antognazzi', 'cantognazzi17@slashdot.org', 'male', '$2b$10$ZtfM4rgc8uTxuuf5J.fj9Ojd1CqNtBJ1mbF0F6LNvTBBcZEgwpzAW', '68dcd82f-b01b-458b-b7f4-f09b9810f61f');
insert into users (user_name, first_name, last_name, email, gender, password, store_id) values ('jclementel18', 'Jeanine', 'Clementel', 'jclementel18@archive.org', 'female', '$2b$10$ZtfM4rgc8uTxuuf5J.fj9Ojd1CqNtBJ1mbF0F6LNvTBBcZEgwpzAW', '68dcd82f-b01b-458b-b7f4-f09b9810f61f');
insert into users (user_name, first_name, last_name, email, gender, password, store_id) values ('bharlock19', 'Benny', 'Harlock', 'bharlock19@paypal.com', 'male', '$2b$10$ZtfM4rgc8uTxuuf5J.fj9Ojd1CqNtBJ1mbF0F6LNvTBBcZEgwpzAW', '68dcd82f-b01b-458b-b7f4-f09b9810f61f');
insert into users (user_name, first_name, last_name, email, gender, password, store_id) values ('ccain1a', 'Cody', 'Cain', 'ccain1a@timesonline.co.uk', 'male', '$2b$10$ZtfM4rgc8uTxuuf5J.fj9Ojd1CqNtBJ1mbF0F6LNvTBBcZEgwpzAW', '68dcd82f-b01b-458b-b7f4-f09b9810f61f');
insert into users (user_name, first_name, last_name, email, gender, password, store_id) values ('efaughny1b', 'Ellene', 'Faughny', 'efaughny1b@twitter.com', 'female', '$2b$10$ZtfM4rgc8uTxuuf5J.fj9Ojd1CqNtBJ1mbF0F6LNvTBBcZEgwpzAW', '68dcd82f-b01b-458b-b7f4-f09b9810f61f');
insert into users (user_name, first_name, last_name, email, gender, password, store_id) values ('igeroldini1c', 'Ivor', 'Geroldini', 'igeroldini1c@hp.com', 'male', '$2b$10$ZtfM4rgc8uTxuuf5J.fj9Ojd1CqNtBJ1mbF0F6LNvTBBcZEgwpzAW', '68dcd82f-b01b-458b-b7f4-f09b9810f61f');
insert into users (user_name, first_name, last_name, email, gender, password, store_id) values ('jdaber1d', 'Jammie', 'Daber', 'jdaber1d@bloglovin.com', 'female', '$2b$10$ZtfM4rgc8uTxuuf5J.fj9Ojd1CqNtBJ1mbF0F6LNvTBBcZEgwpzAW', '68dcd82f-b01b-458b-b7f4-f09b9810f61f');
insert into users (user_name, first_name, last_name, email, gender, password, store_id) values ('spalmer1e', 'Shay', 'Palmer', 'spalmer1e@mtv.com', 'male', '$2b$10$ZtfM4rgc8uTxuuf5J.fj9Ojd1CqNtBJ1mbF0F6LNvTBBcZEgwpzAW', '68dcd82f-b01b-458b-b7f4-f09b9810f61f');
insert into users (user_name, first_name, last_name, email, gender, password, store_id) values ('lgetten1f', 'Lanie', 'Getten', 'lgetten1f@china.com.cn', 'male', '$2b$10$ZtfM4rgc8uTxuuf5J.fj9Ojd1CqNtBJ1mbF0F6LNvTBBcZEgwpzAW', '68dcd82f-b01b-458b-b7f4-f09b9810f61f');
insert into users (user_name, first_name, last_name, email, gender, password, store_id) values ('mrennox1g', 'Morganica', 'Rennox', 'mrennox1g@marketwatch.com', 'female', '$2b$10$ZtfM4rgc8uTxuuf5J.fj9Ojd1CqNtBJ1mbF0F6LNvTBBcZEgwpzAW', '68dcd82f-b01b-458b-b7f4-f09b9810f61f');
insert into users (user_name, first_name, last_name, email, gender, password, store_id) values ('ckirvin1h', 'Chane', 'Kirvin', 'ckirvin1h@rambler.ru', 'male', '$2b$10$ZtfM4rgc8uTxuuf5J.fj9Ojd1CqNtBJ1mbF0F6LNvTBBcZEgwpzAW', '68dcd82f-b01b-458b-b7f4-f09b9810f61f');
insert into users (user_name, first_name, last_name, email, gender, password, store_id) values ('cbrain1i', 'Casey', 'Brain', 'cbrain1i@miitbeian.gov.cn', 'male', '$2b$10$ZtfM4rgc8uTxuuf5J.fj9Ojd1CqNtBJ1mbF0F6LNvTBBcZEgwpzAW', '68dcd82f-b01b-458b-b7f4-f09b9810f61f');
insert into users (user_name, first_name, last_name, email, gender, password, store_id) values ('gpalffy1j', 'Gilbert', 'Palffy', 'gpalffy1j@xinhuanet.com', 'male', '$2b$10$ZtfM4rgc8uTxuuf5J.fj9Ojd1CqNtBJ1mbF0F6LNvTBBcZEgwpzAW', '68dcd82f-b01b-458b-b7f4-f09b9810f61f');
insert into users (user_name, first_name, last_name, email, gender, password, store_id) values ('mdyster1k', 'Miran', 'Dyster', 'mdyster1k@ftc.gov', 'female', '$2b$10$ZtfM4rgc8uTxuuf5J.fj9Ojd1CqNtBJ1mbF0F6LNvTBBcZEgwpzAW', '68dcd82f-b01b-458b-b7f4-f09b9810f61f');
insert into users (user_name, first_name, last_name, email, gender, password, store_id) values ('bfeifer1l', 'Bram', 'Feifer', 'bfeifer1l@hhs.gov', 'male', '$2b$10$ZtfM4rgc8uTxuuf5J.fj9Ojd1CqNtBJ1mbF0F6LNvTBBcZEgwpzAW', '68dcd82f-b01b-458b-b7f4-f09b9810f61f');
insert into users (user_name, first_name, last_name, email, gender, password, store_id) values ('mablitt1m', 'Marje', 'Ablitt', 'mablitt1m@nationalgeographic.com', 'female', '$2b$10$ZtfM4rgc8uTxuuf5J.fj9Ojd1CqNtBJ1mbF0F6LNvTBBcZEgwpzAW', '68dcd82f-b01b-458b-b7f4-f09b9810f61f');
insert into users (user_name, first_name, last_name, email, gender, password, store_id) values ('jbradborne1n', 'Jenna', 'Bradborne', 'jbradborne1n@wordpress.org', 'female', '$2b$10$ZtfM4rgc8uTxuuf5J.fj9Ojd1CqNtBJ1mbF0F6LNvTBBcZEgwpzAW', '68dcd82f-b01b-458b-b7f4-f09b9810f61f');
insert into users (user_name, first_name, last_name, email, gender, password, store_id) values ('hhicks1o', 'Holmes', 'Hicks', 'hhicks1o@ftc.gov', 'male', '$2b$10$ZtfM4rgc8uTxuuf5J.fj9Ojd1CqNtBJ1mbF0F6LNvTBBcZEgwpzAW', '68dcd82f-b01b-458b-b7f4-f09b9810f61f');
insert into users (user_name, first_name, last_name, email, gender, password, store_id) values ('bmccrie1p', 'Benton', 'McCrie', 'bmccrie1p@ehow.com', 'male', '$2b$10$ZtfM4rgc8uTxuuf5J.fj9Ojd1CqNtBJ1mbF0F6LNvTBBcZEgwpzAW', '68dcd82f-b01b-458b-b7f4-f09b9810f61f');
insert into users (user_name, first_name, last_name, email, gender, password, store_id) values ('btraynor1q', 'Bondy', 'Traynor', 'btraynor1q@twitter.com', 'male', '$2b$10$ZtfM4rgc8uTxuuf5J.fj9Ojd1CqNtBJ1mbF0F6LNvTBBcZEgwpzAW', '68dcd82f-b01b-458b-b7f4-f09b9810f61f');
insert into users (user_name, first_name, last_name, email, gender, password, store_id) values ('xgrainge1r', 'Xavier', 'Grainge', 'xgrainge1r@economist.com', 'male', '$2b$10$ZtfM4rgc8uTxuuf5J.fj9Ojd1CqNtBJ1mbF0F6LNvTBBcZEgwpzAW', '68dcd82f-b01b-458b-b7f4-f09b9810f61f');
insert into users (user_name, first_name, last_name, email, gender, password, store_id) values ('bvarlow1s', 'Barrett', 'Varlow', 'bvarlow1s@tamu.edu', 'male', '$2b$10$ZtfM4rgc8uTxuuf5J.fj9Ojd1CqNtBJ1mbF0F6LNvTBBcZEgwpzAW', '68dcd82f-b01b-458b-b7f4-f09b9810f61f');
insert into users (user_name, first_name, last_name, email, gender, password, store_id) values ('gclewlowe1t', 'Garth', 'Clewlowe', 'gclewlowe1t@lulu.com', 'male', '$2b$10$ZtfM4rgc8uTxuuf5J.fj9Ojd1CqNtBJ1mbF0F6LNvTBBcZEgwpzAW', '68dcd82f-b01b-458b-b7f4-f09b9810f61f');
insert into users (user_name, first_name, last_name, email, gender, password, store_id) values ('icalcott1u', 'Ibbie', 'Calcott', 'icalcott1u@ask.com', 'female', '$2b$10$ZtfM4rgc8uTxuuf5J.fj9Ojd1CqNtBJ1mbF0F6LNvTBBcZEgwpzAW', '68dcd82f-b01b-458b-b7f4-f09b9810f61f');
insert into users (user_name, first_name, last_name, email, gender, password, store_id) values ('homulderrig1v', 'Herold', 'O'' Mulderrig', 'homulderrig1v@myspace.com', 'male', '$2b$10$ZtfM4rgc8uTxuuf5J.fj9Ojd1CqNtBJ1mbF0F6LNvTBBcZEgwpzAW', '68dcd82f-b01b-458b-b7f4-f09b9810f61f');
insert into users (user_name, first_name, last_name, email, gender, password, store_id) values ('ehorsell1w', 'Ellerey', 'Horsell', 'ehorsell1w@istockphoto.com', 'male', '$2b$10$ZtfM4rgc8uTxuuf5J.fj9Ojd1CqNtBJ1mbF0F6LNvTBBcZEgwpzAW', '68dcd82f-b01b-458b-b7f4-f09b9810f61f');
insert into users (user_name, first_name, last_name, email, gender, password, store_id) values ('jbarz1x', 'Jeannine', 'Barz', 'jbarz1x@omniture.com', 'female', '$2b$10$ZtfM4rgc8uTxuuf5J.fj9Ojd1CqNtBJ1mbF0F6LNvTBBcZEgwpzAW', '68dcd82f-b01b-458b-b7f4-f09b9810f61f');
insert into users (user_name, first_name, last_name, email, gender, password, store_id) values ('odron1y', 'Obediah', 'Dron', 'odron1y@cpanel.net', 'male', '$2b$10$ZtfM4rgc8uTxuuf5J.fj9Ojd1CqNtBJ1mbF0F6LNvTBBcZEgwpzAW', '68dcd82f-b01b-458b-b7f4-f09b9810f61f');
insert into users (user_name, first_name, last_name, email, gender, password, store_id) values ('eshanahan1z', 'Emlen', 'Shanahan', 'eshanahan1z@rediff.com', 'male', '$2b$10$ZtfM4rgc8uTxuuf5J.fj9Ojd1CqNtBJ1mbF0F6LNvTBBcZEgwpzAW', '68dcd82f-b01b-458b-b7f4-f09b9810f61f');
insert into users (user_name, first_name, last_name, email, gender, password, store_id) values ('ksquelch20', 'Keriann', 'Squelch', 'ksquelch20@about.com', 'female', '$2b$10$ZtfM4rgc8uTxuuf5J.fj9Ojd1CqNtBJ1mbF0F6LNvTBBcZEgwpzAW', '68dcd82f-b01b-458b-b7f4-f09b9810f61f');
insert into users (user_name, first_name, last_name, email, gender, password, store_id) values ('cwimpeney21', 'Carmel', 'Wimpeney', 'cwimpeney21@4shared.com', 'female', '$2b$10$ZtfM4rgc8uTxuuf5J.fj9Ojd1CqNtBJ1mbF0F6LNvTBBcZEgwpzAW', '68dcd82f-b01b-458b-b7f4-f09b9810f61f');
insert into users (user_name, first_name, last_name, email, gender, password, store_id) values ('cstag22', 'Corrianne', 'Stag', 'cstag22@blogtalkradio.com', 'female', '$2b$10$ZtfM4rgc8uTxuuf5J.fj9Ojd1CqNtBJ1mbF0F6LNvTBBcZEgwpzAW', '68dcd82f-b01b-458b-b7f4-f09b9810f61f');
insert into users (user_name, first_name, last_name, email, gender, password, store_id) values ('yscupham23', 'Yoshiko', 'Scupham', 'yscupham23@last.fm', 'female', '$2b$10$ZtfM4rgc8uTxuuf5J.fj9Ojd1CqNtBJ1mbF0F6LNvTBBcZEgwpzAW', '68dcd82f-b01b-458b-b7f4-f09b9810f61f');
insert into users (user_name, first_name, last_name, email, gender, password, store_id) values ('sgrimsell24', 'Saunders', 'Grimsell', 'sgrimsell24@marketwatch.com', 'male', '$2b$10$ZtfM4rgc8uTxuuf5J.fj9Ojd1CqNtBJ1mbF0F6LNvTBBcZEgwpzAW', '68dcd82f-b01b-458b-b7f4-f09b9810f61f');
insert into users (user_name, first_name, last_name, email, gender, password, store_id) values ('lorrobin25', 'Lynelle', 'Orrobin', 'lorrobin25@tinypic.com', 'female', '$2b$10$ZtfM4rgc8uTxuuf5J.fj9Ojd1CqNtBJ1mbF0F6LNvTBBcZEgwpzAW', '68dcd82f-b01b-458b-b7f4-f09b9810f61f');
insert into users (user_name, first_name, last_name, email, gender, password, store_id) values ('chellwing26', 'Carlina', 'Hellwing', 'chellwing26@comsenz.com', 'female', '$2b$10$ZtfM4rgc8uTxuuf5J.fj9Ojd1CqNtBJ1mbF0F6LNvTBBcZEgwpzAW', '68dcd82f-b01b-458b-b7f4-f09b9810f61f');
insert into users (user_name, first_name, last_name, email, gender, password, store_id) values ('troman27', 'Terrel', 'Roman', 'troman27@nsw.gov.au', 'male', '$2b$10$ZtfM4rgc8uTxuuf5J.fj9Ojd1CqNtBJ1mbF0F6LNvTBBcZEgwpzAW', '68dcd82f-b01b-458b-b7f4-f09b9810f61f');
insert into users (user_name, first_name, last_name, email, gender, password, store_id) values ('pchicotti28', 'Prudence', 'Chicotti', 'pchicotti28@ucla.edu', 'female', '$2b$10$ZtfM4rgc8uTxuuf5J.fj9Ojd1CqNtBJ1mbF0F6LNvTBBcZEgwpzAW', '68dcd82f-b01b-458b-b7f4-f09b9810f61f');
insert into users (user_name, first_name, last_name, email, gender, password, store_id) values ('vfone29', 'Vitia', 'Fone', 'vfone29@ucoz.ru', 'female', '$2b$10$ZtfM4rgc8uTxuuf5J.fj9Ojd1CqNtBJ1mbF0F6LNvTBBcZEgwpzAW', '68dcd82f-b01b-458b-b7f4-f09b9810f61f');
insert into users (user_name, first_name, last_name, email, gender, password, store_id) values ('srowthorne2a', 'Shani', 'Rowthorne', 'srowthorne2a@patch.com', 'female', '$2b$10$ZtfM4rgc8uTxuuf5J.fj9Ojd1CqNtBJ1mbF0F6LNvTBBcZEgwpzAW', '68dcd82f-b01b-458b-b7f4-f09b9810f61f');
insert into users (user_name, first_name, last_name, email, gender, password, store_id) values ('epinner2b', 'Edd', 'Pinner', 'epinner2b@printfriendly.com', 'male', '$2b$10$ZtfM4rgc8uTxuuf5J.fj9Ojd1CqNtBJ1mbF0F6LNvTBBcZEgwpzAW', '68dcd82f-b01b-458b-b7f4-f09b9810f61f');
insert into users (user_name, first_name, last_name, email, gender, password, store_id) values ('tcleugher2c', 'Thatch', 'Cleugher', 'tcleugher2c@homestead.com', 'male', '$2b$10$ZtfM4rgc8uTxuuf5J.fj9Ojd1CqNtBJ1mbF0F6LNvTBBcZEgwpzAW', '68dcd82f-b01b-458b-b7f4-f09b9810f61f');
insert into users (user_name, first_name, last_name, email, gender, password, store_id) values ('flanney2d', 'Frederica', 'Lanney', 'flanney2d@weebly.com', 'female', '$2b$10$ZtfM4rgc8uTxuuf5J.fj9Ojd1CqNtBJ1mbF0F6LNvTBBcZEgwpzAW', '68dcd82f-b01b-458b-b7f4-f09b9810f61f');
insert into users (user_name, first_name, last_name, email, gender, password, store_id) values ('wwenban2e', 'Weidar', 'Wenban', 'wwenban2e@ow.ly', 'male', '$2b$10$ZtfM4rgc8uTxuuf5J.fj9Ojd1CqNtBJ1mbF0F6LNvTBBcZEgwpzAW', '68dcd82f-b01b-458b-b7f4-f09b9810f61f');
insert into users (user_name, first_name, last_name, email, gender, password, store_id) values ('kgeistmann2f', 'Kinnie', 'Geistmann', 'kgeistmann2f@sbwire.com', 'male', '$2b$10$ZtfM4rgc8uTxuuf5J.fj9Ojd1CqNtBJ1mbF0F6LNvTBBcZEgwpzAW', '68dcd82f-b01b-458b-b7f4-f09b9810f61f');
insert into users (user_name, first_name, last_name, email, gender, password, store_id) values ('asibbit2g', 'Ariana', 'Sibbit', 'asibbit2g@wunderground.com', 'female', '$2b$10$ZtfM4rgc8uTxuuf5J.fj9Ojd1CqNtBJ1mbF0F6LNvTBBcZEgwpzAW', '68dcd82f-b01b-458b-b7f4-f09b9810f61f');
insert into users (user_name, first_name, last_name, email, gender, password, store_id) values ('wbethell2h', 'Winfred', 'Bethell', 'wbethell2h@blogspot.com', 'male', '$2b$10$ZtfM4rgc8uTxuuf5J.fj9Ojd1CqNtBJ1mbF0F6LNvTBBcZEgwpzAW', '68dcd82f-b01b-458b-b7f4-f09b9810f61f');
insert into users (user_name, first_name, last_name, email, gender, password, store_id) values ('wmarchello2i', 'Wildon', 'Marchello', 'wmarchello2i@google.co.uk', 'male', '$2b$10$ZtfM4rgc8uTxuuf5J.fj9Ojd1CqNtBJ1mbF0F6LNvTBBcZEgwpzAW', '68dcd82f-b01b-458b-b7f4-f09b9810f61f');
insert into users (user_name, first_name, last_name, email, gender, password, store_id) values ('ndelboux2j', 'Nadeen', 'd'' Elboux', 'ndelboux2j@simplemachines.org', 'female', '$2b$10$ZtfM4rgc8uTxuuf5J.fj9Ojd1CqNtBJ1mbF0F6LNvTBBcZEgwpzAW', '68dcd82f-b01b-458b-b7f4-f09b9810f61f');
insert into users (user_name, first_name, last_name, email, gender, password, store_id) values ('ahillaby2k', 'Angelico', 'Hillaby', 'ahillaby2k@hp.com', 'male', '$2b$10$ZtfM4rgc8uTxuuf5J.fj9Ojd1CqNtBJ1mbF0F6LNvTBBcZEgwpzAW', '68dcd82f-b01b-458b-b7f4-f09b9810f61f');
insert into users (user_name, first_name, last_name, email, gender, password, store_id) values ('mliddyard2l', 'Micheline', 'Liddyard', 'mliddyard2l@prweb.com', 'female', '$2b$10$ZtfM4rgc8uTxuuf5J.fj9Ojd1CqNtBJ1mbF0F6LNvTBBcZEgwpzAW', '68dcd82f-b01b-458b-b7f4-f09b9810f61f');
insert into users (user_name, first_name, last_name, email, gender, password, store_id) values ('gocaherny2m', 'Gussie', 'O''Caherny', 'gocaherny2m@mtv.com', 'female', '$2b$10$ZtfM4rgc8uTxuuf5J.fj9Ojd1CqNtBJ1mbF0F6LNvTBBcZEgwpzAW', '68dcd82f-b01b-458b-b7f4-f09b9810f61f');
insert into users (user_name, first_name, last_name, email, gender, password, store_id) values ('dlippatt2n', 'Dennet', 'Lippatt', 'dlippatt2n@about.me', 'male', '$2b$10$ZtfM4rgc8uTxuuf5J.fj9Ojd1CqNtBJ1mbF0F6LNvTBBcZEgwpzAW', '68dcd82f-b01b-458b-b7f4-f09b9810f61f');
insert into users (user_name, first_name, last_name, email, gender, password, store_id) values ('jduham2o', 'Jermaine', 'Duham', 'jduham2o@mashable.com', 'male', '$2b$10$ZtfM4rgc8uTxuuf5J.fj9Ojd1CqNtBJ1mbF0F6LNvTBBcZEgwpzAW', '68dcd82f-b01b-458b-b7f4-f09b9810f61f');
insert into users (user_name, first_name, last_name, email, gender, password, store_id) values ('ghardwidge2p', 'Gregorius', 'Hardwidge', 'ghardwidge2p@amazon.co.jp', 'male', '$2b$10$ZtfM4rgc8uTxuuf5J.fj9Ojd1CqNtBJ1mbF0F6LNvTBBcZEgwpzAW', '68dcd82f-b01b-458b-b7f4-f09b9810f61f');
insert into users (user_name, first_name, last_name, email, gender, password, store_id) values ('bsheran2q', 'Benito', 'Sheran', 'bsheran2q@quantcast.com', 'male', '$2b$10$ZtfM4rgc8uTxuuf5J.fj9Ojd1CqNtBJ1mbF0F6LNvTBBcZEgwpzAW', '68dcd82f-b01b-458b-b7f4-f09b9810f61f');
insert into users (user_name, first_name, last_name, email, gender, password, store_id) values ('grichemond2r', 'Gabi', 'Richemond', 'grichemond2r@myspace.com', 'male', '$2b$10$ZtfM4rgc8uTxuuf5J.fj9Ojd1CqNtBJ1mbF0F6LNvTBBcZEgwpzAW', '68dcd82f-b01b-458b-b7f4-f09b9810f61f');
insert into users (user_name, first_name, last_name, email, gender, password, store_id) values ('dkobiela2s', 'Derick', 'Kobiela', 'dkobiela2s@who.int', 'male', '$2b$10$ZtfM4rgc8uTxuuf5J.fj9Ojd1CqNtBJ1mbF0F6LNvTBBcZEgwpzAW', '68dcd82f-b01b-458b-b7f4-f09b9810f61f');
insert into users (user_name, first_name, last_name, email, gender, password, store_id) values ('sfulbrook2t', 'Stepha', 'Fulbrook', 'sfulbrook2t@statcounter.com', 'female', '$2b$10$ZtfM4rgc8uTxuuf5J.fj9Ojd1CqNtBJ1mbF0F6LNvTBBcZEgwpzAW', '68dcd82f-b01b-458b-b7f4-f09b9810f61f');
insert into users (user_name, first_name, last_name, email, gender, password, store_id) values ('zfearnall2u', 'Zitella', 'Fearnall', 'zfearnall2u@vistaprint.com', 'female', '$2b$10$ZtfM4rgc8uTxuuf5J.fj9Ojd1CqNtBJ1mbF0F6LNvTBBcZEgwpzAW', '68dcd82f-b01b-458b-b7f4-f09b9810f61f');
insert into users (user_name, first_name, last_name, email, gender, password, store_id) values ('dsefton2v', 'Dyann', 'Sefton', 'dsefton2v@godaddy.com', 'female', '$2b$10$ZtfM4rgc8uTxuuf5J.fj9Ojd1CqNtBJ1mbF0F6LNvTBBcZEgwpzAW', '68dcd82f-b01b-458b-b7f4-f09b9810f61f');
insert into users (user_name, first_name, last_name, email, gender, password, store_id) values ('hczapla2w', 'Hershel', 'Czapla', 'hczapla2w@webeden.co.uk', 'male', '$2b$10$ZtfM4rgc8uTxuuf5J.fj9Ojd1CqNtBJ1mbF0F6LNvTBBcZEgwpzAW', '68dcd82f-b01b-458b-b7f4-f09b9810f61f');
insert into users (user_name, first_name, last_name, email, gender, password, store_id) values ('rfray2x', 'Rorke', 'Fray', 'rfray2x@ebay.co.uk', 'male', '$2b$10$ZtfM4rgc8uTxuuf5J.fj9Ojd1CqNtBJ1mbF0F6LNvTBBcZEgwpzAW', '68dcd82f-b01b-458b-b7f4-f09b9810f61f');
insert into users (user_name, first_name, last_name, email, gender, password, store_id) values ('ealdridge2y', 'Eba', 'Aldridge', 'ealdridge2y@bluehost.com', 'female', '$2b$10$ZtfM4rgc8uTxuuf5J.fj9Ojd1CqNtBJ1mbF0F6LNvTBBcZEgwpzAW', '68dcd82f-b01b-458b-b7f4-f09b9810f61f');
insert into users (user_name, first_name, last_name, email, gender, password, store_id) values ('bbrumble2z', 'Bobby', 'Brumble', 'bbrumble2z@engadget.com', 'male', '$2b$10$ZtfM4rgc8uTxuuf5J.fj9Ojd1CqNtBJ1mbF0F6LNvTBBcZEgwpzAW', '68dcd82f-b01b-458b-b7f4-f09b9810f61f');
insert into users (user_name, first_name, last_name, email, gender, password, store_id) values ('cfenimore30', 'Che', 'Fenimore', 'cfenimore30@google.cn', 'male', '$2b$10$ZtfM4rgc8uTxuuf5J.fj9Ojd1CqNtBJ1mbF0F6LNvTBBcZEgwpzAW', '68dcd82f-b01b-458b-b7f4-f09b9810f61f');
insert into users (user_name, first_name, last_name, email, gender, password, store_id) values ('jkovalski31', 'Junette', 'Kovalski', 'jkovalski31@networkadvertising.org', 'female', '$2b$10$ZtfM4rgc8uTxuuf5J.fj9Ojd1CqNtBJ1mbF0F6LNvTBBcZEgwpzAW', '68dcd82f-b01b-458b-b7f4-f09b9810f61f');
insert into users (user_name, first_name, last_name, email, gender, password, store_id) values ('fmazzey32', 'Fernande', 'Mazzey', 'fmazzey32@vistaprint.com', 'female', '$2b$10$ZtfM4rgc8uTxuuf5J.fj9Ojd1CqNtBJ1mbF0F6LNvTBBcZEgwpzAW', '68dcd82f-b01b-458b-b7f4-f09b9810f61f');
insert into users (user_name, first_name, last_name, email, gender, password, store_id) values ('wlove33', 'Washington', 'Love', 'wlove33@biblegateway.com', 'male', '$2b$10$ZtfM4rgc8uTxuuf5J.fj9Ojd1CqNtBJ1mbF0F6LNvTBBcZEgwpzAW', '68dcd82f-b01b-458b-b7f4-f09b9810f61f');
insert into users (user_name, first_name, last_name, email, gender, password, store_id) values ('ggaiter34', 'Gisele', 'Gaiter', 'ggaiter34@engadget.com', 'female', '$2b$10$ZtfM4rgc8uTxuuf5J.fj9Ojd1CqNtBJ1mbF0F6LNvTBBcZEgwpzAW', '68dcd82f-b01b-458b-b7f4-f09b9810f61f');
insert into users (user_name, first_name, last_name, email, gender, password, store_id) values ('ccomerford35', 'Caleb', 'Comerford', 'ccomerford35@google.ru', 'male', '$2b$10$ZtfM4rgc8uTxuuf5J.fj9Ojd1CqNtBJ1mbF0F6LNvTBBcZEgwpzAW', '68dcd82f-b01b-458b-b7f4-f09b9810f61f');
insert into users (user_name, first_name, last_name, email, gender, password, store_id) values ('mminchenton36', 'Mickie', 'Minchenton', 'mminchenton36@blog.com', 'female', '$2b$10$ZtfM4rgc8uTxuuf5J.fj9Ojd1CqNtBJ1mbF0F6LNvTBBcZEgwpzAW', '68dcd82f-b01b-458b-b7f4-f09b9810f61f');
insert into users (user_name, first_name, last_name, email, gender, password, store_id) values ('jralphs37', 'Jonie', 'Ralphs', 'jralphs37@dell.com', 'female', '$2b$10$ZtfM4rgc8uTxuuf5J.fj9Ojd1CqNtBJ1mbF0F6LNvTBBcZEgwpzAW', '68dcd82f-b01b-458b-b7f4-f09b9810f61f');
insert into users (user_name, first_name, last_name, email, gender, password, store_id) values ('gterbrug38', 'Glynn', 'Terbrug', 'gterbrug38@rediff.com', 'male', '$2b$10$ZtfM4rgc8uTxuuf5J.fj9Ojd1CqNtBJ1mbF0F6LNvTBBcZEgwpzAW', '68dcd82f-b01b-458b-b7f4-f09b9810f61f');
insert into users (user_name, first_name, last_name, email, gender, password, store_id) values ('hmolden39', 'Humfrid', 'Molden', 'hmolden39@goo.gl', 'male', '$2b$10$ZtfM4rgc8uTxuuf5J.fj9Ojd1CqNtBJ1mbF0F6LNvTBBcZEgwpzAW', '68dcd82f-b01b-458b-b7f4-f09b9810f61f');
insert into users (user_name, first_name, last_name, email, gender, password, store_id) values ('broycroft3a', 'Bessy', 'Roycroft', 'broycroft3a@g.co', 'female', '$2b$10$ZtfM4rgc8uTxuuf5J.fj9Ojd1CqNtBJ1mbF0F6LNvTBBcZEgwpzAW', '68dcd82f-b01b-458b-b7f4-f09b9810f61f');
insert into users (user_name, first_name, last_name, email, gender, password, store_id) values ('pgreenstreet3b', 'Perry', 'Greenstreet', 'pgreenstreet3b@sogou.com', 'female', '$2b$10$ZtfM4rgc8uTxuuf5J.fj9Ojd1CqNtBJ1mbF0F6LNvTBBcZEgwpzAW', '68dcd82f-b01b-458b-b7f4-f09b9810f61f');
